,STATION,Old STATION ID,STATION ID,MAXTEMP,LATITUDE,OLD LONGITUDE,STATE,LONGITUDE FORMULA,LONGITUDE
0,"3 MILE IDAHO, ID US",GHCND:USR0000I3MI,USR0000I3MI,23,44.3958,112.1081,ID,-112.1081,-112.1081
1,"ABERDEEN 3 E, SD US",GHCND:USC00390022,USC00390022,15.1,45.4553,-98.4142,SD,-98.4142,-98.4142
2,"ABERDEEN 35 WNW, SD US",GHCND:USW00054933,USW00054933,13.1,45.7114,-99.1297,SD,-99.1297,-99.1297
3,"ABERDEEN EXPERIMENT STATION, ID US",GHCND:USC00100010,USC00100010,33.1,42.9536,112.8253,ID,-112.8253,-112.8253
4,"ABERDEEN PHILLIPS FIELD, MD US",GHCND:USW00013701,USW00013701,48.9,39.4717,-76.1697,MD,-76.1697,-76.1697
5,"ABERDEEN REGIONAL AIRPORT, SD US",GHCND:USW00014929,USW00014929,17.2,45.4558,-98.4131,SD,-98.4131,-98.4131
6,"ABERDEEN, WA US",GHCND:USC00450008,USC00450008,37,46.9658,123.8292,WA,-123.8292,-123.8292
7,"ABERNATHY MOUNTAIN WASHINGTON, WA US",GHCND:USR0000WABE,USR0000WABE,28.9,46.35,123.1,WA,-123.1,-123.1
8,"ABERNATHY, TX US",GHCND:USC00410012,USC00410012,78.1,33.8339,101.8436,TX,-101.8436,-101.8436
9,"ABILENE 6 ESE, TX US",GHCND:USC00410013,USC00410013,86,32.4317,-99.6325,TX,-99.6325,-99.6325
10,"ABILENE REGIONAL AIRPORT, TX US",GHCND:USW00013962,USW00013962,81,32.4106,-99.6822,TX,-99.6822,-99.6822
11,"ABILENE, KS US",GHCND:USC00140010,USC00140010,59,38.9267,-97.2128,KS,-97.2128,-97.2128
12,"ABINGDON 3 S, VA US",GHCND:USC00440021,USC00440021,57.9,36.6686,-81.9647,VA,-81.9647,-81.9647
13,"ABIQUIU DAM, NM US",GHCND:USC00290041,USC00290041,45,36.2403,106.4278,NM,-106.4278,-106.4278
14,"ACADEMY 2 NE, SD US",GHCND:USC00390043,USC00390043,45,43.4894,-99.0628,SD,-99.0628,-99.0628
15,"ACME MESONET, OK US",GHCND:USC00340010,USC00340010,75.9,34.8083,-98.0233,OK,-98.0233,-98.0233
16,"ACMETONIA LOCK 3, PA US",GHCND:USC00360022,USC00360022,60.1,40.5361,-79.8153,PA,-79.8153,-79.8153
17,"ADA 2 NNE MESONET, OK US",GHCND:USC00340027,USC00340027,73,34.7986,-96.6692,OK,-96.6692,-96.6692
18,"ADA, MN US",GHCND:USC00210018,USC00210018,35.1,47.2992,-96.5161,MN,-96.5161,-96.5161
19,"ADEL GEORGIA, GA US",GHCND:USR0000GCOO,USR0000GCOO,73.9,31.1097,-83.4269,GA,-83.4269,-83.4269
20,"ADEL, MT US",GHCND:USC00240056,USC00240056,6.1,47.0092,111.6742,MT,-111.6742,-111.6742
21,"ADIN MOUNTAIN, CA US",GHCND:USS0020H13S,USS0020H13S,30.9,41.24,120.79,CA,-120.79,-120.79
22,"ADRIAN 2 NNE, MI US",GHCND:USC00200032,USC00200032,54,41.9164,-84.0158,MI,-84.0158,-84.0158
23,"ADRIAN LENAWEE CO AIRPORT, MI US",GHCND:USW00004847,USW00004847,53.1,41.8678,-84.0794,MI,-84.0794,-84.0794
24,"AENEAS WASHINGTON, WA US",GHCND:USR0000WAEN,USR0000WAEN,15.1,48.7431,119.6222,WA,-119.6222,-119.6222
25,"AEROFLEX ANDOVER AIRPORT, NJ US",GHCND:USW00054779,USW00054779,50,41.0089,-74.7367,NJ,-74.7367,-74.7367
26,"AFTON, WY US",GHCND:USC00480027,USC00480027,35.1,42.7331,110.9217,WY,-110.9217,-110.9217
27,"AGASSIZ MINNESOTA, MN US",GHCND:USR0000MAGA,USR0000MAGA,7,48.5,-95.87,MN,-95.87,-95.87
28,"AGASSIZ REFUGE, MN US",GHCND:USC00210050,USC00210050,6.1,48.3006,-95.9817,MN,-95.9817,-95.9817
29,"AGNESS OREGON, OR US",GHCND:USR0000OAGN,USR0000OAGN,43,42.5522,124.0578,OR,-124.0578,-124.0578
30,"AGUA CANYON, UT US",GHCND:USS0012M26S,USS0012M26S,30.6,37.52,112.27,UT,-112.27,-112.27
31,"AITKIN 2 E, MN US",GHCND:USC00210059,USC00210059,45,46.5258,-93.6675,MN,-93.6675,-93.6675
32,"AJO, AZ US",GHCND:USC00020080,USC00020080,64.9,32.3697,112.86,AZ,-112.86,-112.86
33,"AKRON 4 E, CO US",GHCND:USC00050109,USC00050109,55.9,40.155,103.1417,CO,-103.1417,-103.1417
34,"AKRON CANTON AIRPORT, OH US",GHCND:USW00014895,USW00014895,57.9,40.9167,-81.4333,OH,-81.4333,-81.4333
35,"AKRON FULTON INTERNATIONAL AIRPORT, OH US",GHCND:USW00014813,USW00014813,59,41.0375,-81.4642,OH,-81.4642,-81.4642
36,"AKRON WASHINGTON CO AIRPORT, CO US",GHCND:USW00024015,USW00024015,46,40.1667,103.2167,CO,-103.2167,-103.2167
37,"ALABASTER SHELBY CO AIRPORT ASOS, AL US",GHCND:USW00053864,USW00053864,72,33.1783,-86.7817,AL,-86.7817,-86.7817
38,"ALAMO DAM, AZ US",GHCND:USC00020100,USC00020100,64.9,34.2281,113.5778,AZ,-113.5778,-113.5778
39,"ALAMOSA 1 E, CO US",GHCND:USC00050128,USC00050128,41,37.4703,105.8569,CO,-105.8569,-105.8569
40,"ALAMOSA BERGMAN FIELD, CO US",GHCND:USW00023061,USW00023061,45,37.4389,105.8614,CO,-105.8614,-105.8614
41,"ALBANY INTERNATIONAL AIRPORT, NY US",GHCND:USW00014735,USW00014735,35.1,42.7431,-73.8092,NY,-73.8092,-73.8092
42,"ALBANY SW GEORGIA REGIONAL AIRPORT, GA US",GHCND:USW00013869,USW00013869,78.1,31.5356,-84.1944,GA,-84.1944,-84.1944
43,"ALBANY, MO US",GHCND:USC00230051,USC00230051,64.9,40.2486,-94.3308,MO,-94.3308,-94.3308
44,"ALBANY, TX US",GHCND:USC00410120,USC00410120,87.1,32.7047,-99.3011,TX,-99.3011,-99.3011
45,"ALBEMARLE, NC US",GHCND:USC00310090,USC00310090,71.1,35.3992,-80.1994,NC,-80.1994,-80.1994
46,"ALBERT LEA 3 SE, MN US",GHCND:USC00210075,USC00210075,53.1,43.6064,-93.3019,MN,-93.3019,-93.3019
47,"ALBERTA FORD FOR CENTER, MI US",GHCND:USC00200089,USC00200089,39.9,46.6447,-88.4811,MI,-88.4811,-88.4811
48,"ALBERTON, MT US",GHCND:USC00240075,USC00240075,34,47.0036,114.4781,MT,-114.4781,-114.4781
49,"ALBION, NY US",GHCND:USC00300055,USC00300055,46.9,43.2633,-78.2153,NY,-78.2153,-78.2153
50,"ALBRO LAKE, MT US",GHCND:USS0011D28S,USS0011D28S,20.3,45.6,111.96,MT,-111.96,-111.96
51,"ALBUQUERQUE INTERNATIONAL AIRPORT, NM US",GHCND:USW00023050,USW00023050,55,35.0419,106.6156,NM,-106.6156,-106.6156
52,"ALBUQUERQUE VALLEY, NM US",GHCND:USC00290231,USC00290231,57,35.0217,106.6939,NM,-106.6939,-106.6939
53,"ALCALDE, NM US",GHCND:USC00290245,USC00290245,48,36.0908,106.0567,NM,-106.0567,-106.0567
54,"ALCOVE DAM, NY US",GHCND:USC00300063,USC00300063,32,42.4697,-73.9267,NY,-73.9267,-73.9267
55,"ALDER 19 S, MT US",GHCND:USC00240111,USC00240111,33.1,45.0961,112.0856,MT,-112.0856,-112.0856
56,"ALDER POINT CALIFORNIA, CA US",GHCND:USR0000CAPT,USR0000CAPT,42.1,40.1867,123.5903,CA,-123.5903,-123.5903
57,"ALDER RIDGE WASHINGTON, WA US",GHCND:USR0000WALD,USR0000WALD,28,46.2733,117.495,WA,-117.495,-117.495
58,"ALDER SPRINGS CALIFORNIA, CA US",GHCND:USR0000CALD,USR0000CALD,35.1,39.6514,122.7236,CA,-122.7236,-122.7236
59,"ALDERSON, WV US",GHCND:USC00460102,USC00460102,60.1,37.7272,-80.6583,WV,-80.6583,-80.6583
60,"ALEDO, IL US",GHCND:USC00110072,USC00110072,64,41.1978,-90.7447,IL,-90.7447,-90.7447
61,"ALEXANDER CITY, AL US",GHCND:USC00010160,USC00010160,68,32.9453,-85.9481,AL,-85.9481,-85.9481
62,"ALEXANDRIA 5 SSE, LA US",GHCND:USC00160103,USC00160103,79,31.2489,-92.4489,LA,-92.4489,-92.4489
63,"ALEXANDRIA CHANDLER FIELD, MN US",GHCND:USW00014910,USW00014910,13.1,45.8678,-95.3942,MN,-95.3942,-95.3942
64,"ALEXANDRIA ESLER FIELD, LA US",GHCND:USW00013935,USW00013935,82,31.3928,-92.2956,LA,-92.2956,-92.2956
65,"ALEXANDRIA INTERNATIONAL AIRPORT, LA US",GHCND:USW00093915,USW00093915,80.1,31.3347,-92.5586,LA,-92.5586,-92.5586
66,"ALEXANDRIA, LA US",GHCND:USC00160098,USC00160098,77,31.3206,-92.4611,LA,-92.4611,-92.4611
67,"ALEXANDRIA, SD US",GHCND:USC00390128,USC00390128,46.9,43.6514,-97.7981,SD,-97.7981,-97.7981
68,"ALFRED, NY US",GHCND:USC00300085,USC00300085,46,42.2797,-77.7656,NY,-77.7656,-77.7656
69,"ALGONA, IA US",GHCND:USC00130133,USC00130133,51.1,43.0664,-94.2222,IA,-94.2222,-94.2222
70,"ALGONAC WWTP, MI US",GHCND:USC00200106,USC00200106,50,42.6158,-82.5436,MI,-82.5436,-82.5436
71,"ALICE INTERNATIONAL AIRPORT, TX US",GHCND:USW00012932,USW00012932,88,27.7411,-98.0247,TX,-98.0247,-98.0247
72,"ALICEVILLE, AL US",GHCND:USC00010178,USC00010178,71.1,33.1272,-88.155,AL,-88.155,-88.155
73,"ALICIA 2 NNE, AR US",GHCND:USC00030064,USC00030064,66.9,35.9308,-91.055,AR,-91.055,-91.055
74,"ALKALI LAKE, OR US",GHCND:USC00350118,USC00350118,32,42.9694,119.9933,OR,-119.9933,-119.9933
75,"ALLEGANY STATE PARK, NY US",GHCND:USC00300093,USC00300093,46.9,42.1003,-78.7497,NY,-78.7497,-78.7497
76,"ALLEGHENY PENNSYLVANIA, PA US",GHCND:USR0000PALL,USR0000PALL,54,41.4864,-79.1025,PA,-79.1025,-79.1025
77,"ALLENTOWN LEHIGH VALLEY INTERNATIONAL AIRPORT, PA US",GHCND:USW00014737,USW00014737,53.1,40.6508,-75.4492,PA,-75.4492,-75.4492
78,"ALLERTON, IA US",GHCND:USC00130149,USC00130149,61,40.7039,-93.3703,IA,-93.3703,-93.3703
79,"ALLIGATOR RIDGE NEVADA, NV US",GHCND:USR0000NALL,USR0000NALL,36,39.7369,115.5181,NV,-115.5181,-115.5181
80,"ALLISON OREGON, OR US",GHCND:USR0000OALL,USR0000OALL,28,43.9247,119.5944,OR,-119.5944,-119.5944
81,"ALLISON, IA US",GHCND:USC00130157,USC00130157,46,42.7536,-92.8022,IA,-92.8022,-92.8022
82,"ALMA BACON CO AIRPORT, GA US",GHCND:USW00013870,USW00013870,71.1,31.5358,-82.5067,GA,-82.5067,-82.5067
83,"ALMA DAM 4, WI US",GHCND:USC00470124,USC00470124,44.1,44.3269,-91.9194,WI,-91.9194,-91.9194
84,"ALMA, MI US",GHCND:USC00200146,USC00200146,44.1,43.3869,-84.6483,MI,-84.6483,-84.6483
85,"ALPENA CO REGIONAL AIRPORT, MI US",GHCND:USW00094849,USW00094849,41,45.0717,-83.5644,MI,-83.5644,-83.5644
86,"ALPENA WASTEWATER PLANT, MI US",GHCND:USW00014814,USW00014814,37.9,45.0606,-83.4281,MI,-83.4281,-83.4281
87,"ALPINE 7 NW, TX US",GHCND:USC00410176,USC00410176,77,30.3703,103.7808,TX,-103.7808,-103.7808
88,"ALPINE ARIZONA, AZ US",GHCND:USR0000AALP,USR0000AALP,45,33.8417,109.1222,AZ,-109.1222,-109.1222
89,"ALPINE CALIFORNIA, CA US",GHCND:USR0000CALP,USR0000CALP,46.9,32.8336,116.7392,CA,-116.7392,-116.7392
90,"ALPINE KENTUCKY, KY US",GHCND:USR0000KALP,USR0000KALP,73,36.7956,-85.3803,KY,-85.3803,-85.3803
91,"ALPINE MEADOWS, WA US",GHCND:USS0021B48S,USS0021B48S,28.4,47.78,121.7,WA,-121.7,-121.7
92,"ALPINE, AZ US",GHCND:USC00020159,USC00020159,44.1,33.8492,109.1469,AZ,-109.1469,-109.1469
93,"ALPINE, CA US",GHCND:USC00040136,USC00040136,51.1,32.8358,116.7775,CA,-116.7775,-116.7775
94,"ALPINE, UT US",GHCND:USC00420061,USC00420061,43,40.4644,111.7708,UT,-111.7708,-111.7708
95,"ALSEA FH FALL CREEK, OR US",GHCND:USC00350145,USC00350145,39.9,44.4044,123.7533,OR,-123.7533,-123.7533
96,"ALTA 1 NNW, WY US",GHCND:USC00480140,USC00480140,30.9,43.7728,111.0339,WY,-111.0339,-111.0339
97,"ALTA, UT US",GHCND:USC00420072,USC00420072,27,40.5906,111.6369,UT,-111.6369,-111.6369
98,"ALTAMONT, UT US",GHCND:USC00420074,USC00420074,41,40.3669,110.2986,UT,-110.2986,-110.2986
99,"ALTENBERN, CO US",GHCND:USC00050214,USC00050214,46,39.4992,108.3808,CO,-108.3808,-108.3808
100,"ALTO 4 SE, GA US",GHCND:USC00090236,USC00090236,62.1,34.4417,-83.5161,GA,-83.5161,-83.5161
101,"ALTON MELVIN PRICE LOCK AND DAM, IL US",GHCND:USC00110137,USC00110137,70,38.8669,-90.1489,IL,-90.1489,-90.1489
102,"ALTONA, IL US",GHCND:USC00110140,USC00110140,61,41.1203,-90.1642,IL,-90.1642,-90.1642
103,"ALTOONA 3 W, PA US",GHCND:USC00360140,USC00360140,55.9,40.495,-78.4667,PA,-78.4667,-78.4667
104,"ALTOONA 7 SW, PA US",GHCND:USC00360132,USC00360132,60.1,40.4189,-78.4197,PA,-78.4197,-78.4197
105,"ALTOONA BLAIR CO AIRPORT, PA US",GHCND:USW00014736,USW00014736,60.1,40.2964,-78.3203,PA,-78.3203,-78.3203
106,"ALTURAS MUNICIPAL AIRPORT, CA US",GHCND:USW00094299,USW00094299,34,41.4914,120.5644,CA,-120.5644,-120.5644
107,"ALTUS 3 S MESONET, OK US",GHCND:USC00340180,USC00340180,77,34.5872,-99.3381,OK,-99.3381,-99.3381
108,"ALUM FORK, AR US",GHCND:USC00030130,USC00030130,68,34.7961,-92.8417,AR,-92.8417,-92.8417
109,"ALVA 7 SSW MESONET, OK US",GHCND:USC00340198,USC00340198,64,36.7081,-98.7094,OK,-98.7094,-98.7094
110,"AMARILLO 7 ENE, TX US",GHCND:USC00410213,USC00410213,66,35.2328,101.7092,TX,-101.7092,-101.7092
111,"AMARILLO AIRPORT, TX US",GHCND:USW00023047,USW00023047,68,35.2333,101.7089,TX,-101.7089,-101.7089
112,"AMASA 1 W, MI US",GHCND:USC00200197,USC00200197,35.1,46.2347,-88.4544,MI,-88.4544,-88.4544
113,"AMELIA COURTHOUSE, VA US",GHCND:USC00440187,USC00440187,63,37.345,-77.9781,VA,-77.9781,-77.9781
114,"AMERICAN FALLS, ID US",GHCND:USC00100218,USC00100218,36,42.7986,112.8036,ID,-112.8036,-112.8036
115,"AMERY, WI US",GHCND:USC00470175,USC00470175,39.9,45.3011,-92.3631,WI,-92.3631,-92.3631
116,"AMES 5 SE, IA US",GHCND:USC00130203,USC00130203,54,41.9519,-93.5656,IA,-93.5656,-93.5656
117,"AMES 8 WSW, IA US",GHCND:USC00130200,USC00130200,48.9,42.0208,-93.7742,IA,-93.7742,-93.7742
118,"AMES MUNICIPAL AIRPORT, IA US",GHCND:USW00094989,USW00094989,48,41.9922,-93.6217,IA,-93.6217,-93.6217
119,"AMHERST, MA US",GHCND:USC00190120,USC00190120,27,42.3861,-72.5375,MA,-72.5375,-72.5375
120,"AMISTAD 5 SSW, NM US",GHCND:USC00290377,USC00290377,66,35.8742,103.1819,NM,-103.1819,-103.1819
121,"AMISTAD DAM, TX US",GHCND:USC00410225,USC00410225,79,29.4608,101.0286,TX,-101.0286,-101.0286
122,"AMITY 4 NE, MO US",GHCND:USC00230143,USC00230143,66.9,39.8914,-94.36,MO,-94.36,-94.36
123,"ANACONDA, MT US",GHCND:USC00240199,USC00240199,27,46.1308,112.9333,MT,-112.9333,-112.9333
124,"ANAHEIM, CA US",GHCND:USC00040192,USC00040192,60.1,33.8647,117.8425,CA,-117.8425,-117.8425
125,"ANAHUAC NWR TEXAS, TX US",GHCND:USR0000TANA,USR0000TANA,78.1,29.6692,-94.4383,TX,-94.4383,-94.4383
126,"ANAMOSA 3 SSW, IA US",GHCND:USC00130214,USC00130214,50,42.0772,-91.3028,IA,-91.3028,-91.3028
127,"ANDALUSIA OPP AIRPORT, AL US",GHCND:USW00053843,USW00053843,80.1,31.3089,-86.3939,AL,-86.3939,-86.3939
128,"ANDERSON 3 W, MO US",GHCND:USC00230163,USC00230163,73.9,36.645,-94.4855,MO,-94.4855,-94.4855
129,"ANDERSON FAA AIRPORT, SC US",GHCND:USW00093846,USW00093846,69.1,34.4978,-82.7097,SC,-82.7097,-82.7097
130,"ANDERSON RIDGE WYOMING, WY US",GHCND:USR0000WAND,USR0000WAND,23,42.4372,108.9408,WY,-108.9408,-108.9408
131,"ANDERSON, SC US",GHCND:USC00380165,USC00380165,61,34.5283,-82.6608,SC,-82.6608,-82.6608
132,"ANDOVER 1 N, MN US",GHCND:USC00210190,USC00210190,45,45.2533,-93.2928,MN,-93.2928,-93.2928
133,"ANDOVER 2, ME US",GHCND:USC00170217,USC00170217,28,44.6531,-70.7942,ME,-70.7942,-70.7942
134,"ANDOVER NUMBER 2, SD US",GHCND:USC00390120,USC00390120,35.1,45.4133,-97.9067,SD,-97.9067,-97.9067
135,"ANDREW PICKENS SOUTH CAROLINA, SC US",GHCND:USR0000SANP,USR0000SANP,68,34.8117,-83.125,SC,-83.125,-83.125
136,"ANDREWS, SC US",GHCND:USC00380184,USC00380184,66,33.4408,-79.5672,SC,-79.5672,-79.5672
137,"ANEROID LAKE NUMBER 2, OR US",GHCND:USS0017D02S,USS0017D02S,18,45.21,117.19,OR,-117.19,-117.19
138,"ANGEL FIRE 1 S, NM US",GHCND:USC00290407,USC00290407,37,36.395,105.2853,NM,-105.2853,-105.2853
139,"ANGLE, UT US",GHCND:USC00420168,USC00420168,44.1,38.2486,111.9608,UT,-111.9608,-111.9608
140,"ANGLETON LAKE JACKSON BRAZORIA CO AIRPORT, TX US",GHCND:USW00012976,USW00012976,81,29.1097,-95.4619,TX,-95.4619,-95.4619
141,"ANGOLA, IN US",GHCND:USC00120200,USC00120200,57,41.6639,-85.0183,IN,-85.0183,-85.0183
142,"ANGWIN PACIFIC UNION COLLEGE, CA US",GHCND:USC00040212,USC00040212,46,38.5731,122.4406,CA,-122.4406,-122.4406
143,"ANN ARBOR MUNICIPAL AIRPORT, MI US",GHCND:USW00094889,USW00094889,51.1,42.2228,-83.7444,MI,-83.7444,-83.7444
144,"ANN ARBOR SE, MI US",GHCND:USC00200228,USC00200228,52,42.2417,-83.6933,MI,-83.6933,-83.6933
145,"ANN ARBOR U OF MICH, MI US",GHCND:USC00200230,USC00200230,51.1,42.2981,-83.6639,MI,-83.6639,-83.6639
146,"ANNAPOLIS UNITED STATES NAVAL ACADEMY ASOS, MD US",GHCND:USW00013752,USW00013752,69.1,38.9833,-76.4667,MD,-76.4667,-76.4667
147,"ANNIE SPRINGS, OR US",GHCND:USS0022G06S,USS0022G06S,23.9,42.87,122.17,OR,-122.17,-122.17
148,"ANNISTON METROPOLITAN AIRPORT, AL US",GHCND:USW00013871,USW00013871,70,33.5872,-85.8556,AL,-85.8556,-85.8556
149,"ANSON, TX US",GHCND:USC00410268,USC00410268,87.1,32.7667,-99.89,TX,-99.89,-99.89
150,"ANTELOPE 6 SSW, OR US",GHCND:USC00350197,USC00350197,37,44.8197,120.7533,OR,-120.7533,-120.7533
151,"ANTELOPE LAKE NEVADA, NV US",GHCND:USR0000NANT,USR0000NANT,34,41.6847,116.7644,NV,-116.7644,-116.7644
152,"ANTELOPE MONTANA, MT US",GHCND:USR0000MANT,USR0000MANT,24.1,44.6867,112.5417,MT,-112.5417,-112.5417
153,"ANTELOPE OREGON, OR US",GHCND:USR0000OANT,USR0000OANT,19.9,44.0397,118.4164,OR,-118.4164,-118.4164
154,"ANTELOPE WELLS, NM US",GHCND:USC00290426,USC00290426,72,31.3347,108.53,NM,-108.53,-108.53
155,"ANTERO RESERVOIR, CO US",GHCND:USC00050263,USC00050263,34,38.9931,105.8914,CO,-105.8914,-105.8914
156,"ANTHONY, KS US",GHCND:USW00013980,USW00013980,77,37.155,-98.0283,KS,-98.0283,-98.0283
157,"ANTLERS 5 NW, OK US",GHCND:USC00340257,USC00340257,78.1,34.2253,-95.7006,OK,-95.7006,-95.7006
158,"ANTLERS, OK US",GHCND:USC00340256,USC00340256,78.1,34.2208,-95.615,OK,-95.615,-95.615
159,"ANVIL RANCH, AZ US",GHCND:USC00020287,USC00020287,61,31.9792,111.3836,AZ,-111.3836,-111.3836
160,"ANZA CALIFORNIA, CA US",GHCND:USR0000CANZ,USR0000CANZ,46.9,33.555,116.673,CA,-116.673,-116.673
161,"APACHE 4 ENE MESONET, OK US",GHCND:USC00340264,USC00340264,75.9,34.9142,-98.2922,OK,-98.2922,-98.2922
162,"APALACHICOLA AIRPORT, FL US",GHCND:USW00012832,USW00012832,75,29.7333,-85.0333,FL,-85.0333,-85.0333
163,"APEX, NC US",GHCND:USC00310212,USC00310212,62.1,35.7425,-78.8369,NC,-78.8369,-78.8369
164,"APISHAPA, CO US",GHCND:USS0005M07S,USS0005M07S,38.3,37.33,105.07,CO,-105.07,-105.07
165,"APPLETON, WI US",GHCND:USC00470265,USC00470265,45,44.2769,-88.4378,WI,-88.4378,-88.4378
166,"APPLING 2 NW, GA US",GHCND:USC00090311,USC00090311,63,33.5572,-82.3369,GA,-82.3369,-82.3369
167,"APPOMATTOX, VA US",GHCND:USC00440243,USC00440243,60.1,37.3261,-78.8275,VA,-78.8275,-78.8275
168,"AQUA CANYON BRYCE CANYON NP., UT US",GHCND:USR0000AQUA,USR0000AQUA,30,37.5222,112.2711,UT,-112.2711,-112.2711
169,"ARAGONITE UTAH, UT US",GHCND:USR0000ARAG,USR0000ARAG,44.1,40.5983,113.0217,UT,-113.0217,-113.0217
170,ARANSAS TEXAS,GHCND:USR0000TARA,USR0000TARA,78.1,28.25,-96.75,TX,-96.75,-96.75
171,"ARAPAHO RIDGE, CO US",GHCND:USS0006J08S,USS0006J08S,23.9,40.35,106.38,CO,-106.38,-106.38
172,"ARAPAHOE 12 S, CO US",GHCND:USC00050306,USC00050306,66,38.6842,102.1614,CO,-102.1614,-102.1614
173,"ARBUCKLE BASIN CALIFORNIA, CA US",GHCND:USR0000CABS,USR0000CABS,43,40.3983,122.8333,CA,-122.8333,-122.8333
174,"ARBUCKLE MOUNTAIN, OR US",GHCND:USS0019D02S,USS0019D02S,23.5,45.19,119.25,OR,-119.25,-119.25
175,"ARCATA EUREKA AIRPORT, CA US",GHCND:USW00024283,USW00024283,48,40.9781,124.1086,CA,-124.1086,-124.1086
176,"ARCHBOLD BIO STATION, FL US",GHCND:USC00080236,USC00080236,78.1,27.1819,-81.3508,FL,-81.3508,-81.3508
177,"ARCHES NATIONAL PARK HQS, UT US",GHCND:USC00420336,USC00420336,54,38.6164,109.6192,UT,-109.6192,-109.6192
178,"ARCO 17 SW, ID US",GHCND:USW00004126,USW00004126,26.1,43.4622,113.5561,ID,-113.5561,-113.5561
179,"ARCO IDAHO, ID US",GHCND:USR0000IARC,USR0000IARC,28,43.6231,113.3872,ID,-113.3872,-113.3872
180,"ARCO, ID US",GHCND:USC00100375,USC00100375,26.1,43.6356,113.2997,ID,-113.2997,-113.2997
181,"ARDMORE 3 ENE, OK US",GHCND:USC00340313,USC00340313,75,34.1922,-97.0858,OK,-97.0858,-97.0858
182,"ARDMORE 7 WNW MESONET, OK US",GHCND:USC00340312,USC00340312,75,34.2281,-97.2014,OK,-97.2014,-97.2014
183,"ARKADELPHIA, AR US",GHCND:USC00030220,USC00030220,73,34.1433,-93.0589,AR,-93.0589,-93.0589
184,"ARLINGTON MUNICIPAL AIRPORT, TX US",GHCND:USW00053907,USW00053907,82.9,32.6636,-97.0939,TX,-97.0939,-97.0939
185,"ARLINGTON, OR US",GHCND:USC00350265,USC00350265,43,45.7211,120.2064,OR,-120.2064,-120.2064
186,"ARMELLS CREEK MONTANA, MT US",GHCND:USR0000MARM,USR0000MARM,8.1,47.5867,108.8694,MT,-108.8694,-108.8694
187,"ARMSTRONG 4 SE, TX US",GHCND:USC00410345,USC00410345,82,26.8339,-97.7078,TX,-97.7078,-97.7078
188,"ARMUCHEE NUMBER 1 GEORGIA, GA US",GHCND:USR0000GARM,USR0000GARM,64,34.6953,-85.1736,GA,-85.1736,-85.1736
189,"ARNETT 8 WSW MESONET, OK US",GHCND:USC00340338,USC00340338,73.9,36.0719,-99.9031,OK,-99.9031,-99.9031
190,"ARROWWOOD 2 NORTH DAKOTA, ND US",GHCND:USR0000NARR,USR0000NARR,8.1,47.2667,-98.8667,ND,-98.8667,-98.8667
191,"ARROYO SECO MT. DIABLO CALIF, CA US",GHCND:USR0000CARR,USR0000CARR,48.9,36.23,121.4917,CA,-121.4917,-121.4917
192,"ARTESIA 6 S, NM US",GHCND:USC00290600,USC00290600,78.1,32.7547,104.3836,NM,-104.3836,-104.3836
193,"ARTHUR 4 NW, NV US",GHCND:USC00260438,USC00260438,37.9,40.7808,115.1853,NV,-115.1853,-115.1853
194,"ARTICHOKE LAKE 1 E, MN US",GHCND:USC00210287,USC00210287,21.9,45.3856,-96.1258,MN,-96.1258,-96.1258
195,"ARVIN, CA US",GHCND:USC00040332,USC00040332,63,35.2111,118.8336,CA,-118.8336,-118.8336
196,"ASH CREEK CALIFORNIA, CA US",GHCND:USR0000CASC,USR0000CASC,36,41.2769,121.9794,CA,-121.9794,-121.9794
197,"ASH GROVE 4 S, MO US",GHCND:USC00230304,USC00230304,73,37.2614,-93.5914,MO,-93.5914,-93.5914
198,"ASHBURNHAM NORTH, MA US",GHCND:USC00190192,USC00190192,28,42.6617,-71.9358,MA,-71.9358,-71.9358
199,"ASHBURNHAM, MA US",GHCND:USC00190190,USC00190190,27,42.6178,-71.9158,MA,-71.9158,-71.9158
200,"ASHDOWN 4 SSE, AR US",GHCND:USC00030286,USC00030286,71.1,33.6194,-94.0994,AR,-94.0994,-94.0994
201,"ASHEBORO 2 W, NC US",GHCND:USC00310286,USC00310286,69.1,35.7083,-79.8381,NC,-79.8381,-79.8381
202,"ASHEVILLE 13 S, NC US",GHCND:USW00053878,USW00053878,72,35.4186,-82.5567,NC,-82.5567,-82.5567
203,"ASHEVILLE 8 SSW, NC US",GHCND:USW00053877,USW00053877,71.2,35.4944,-82.6142,NC,-82.6142,-82.6142
204,"ASHEVILLE AIRPORT, NC US",GHCND:USW00003812,USW00003812,71.1,35.4319,-82.5375,NC,-82.5375,-82.5375
205,"ASHEVILLE, NC US",GHCND:USW00013872,USW00013872,70,35.5953,-82.5567,NC,-82.5567,-82.5567
206,"ASHLAND 3 S, WI US",GHCND:USC00470347,USC00470347,44.1,46.5522,-90.9161,WI,-90.9161,-90.9161
207,"ASHLAND HANOVER CO MUNICIPAL AIRPORT, VA US",GHCND:USW00093775,USW00093775,72,37.7081,-77.4344,VA,-77.4344,-77.4344
208,"ASHLAND KENNEDY MEMORIAL AIRPORT, WI US",GHCND:USW00094929,USW00094929,27.1,46.5486,-90.9189,WI,-90.9189,-90.9189
209,"ASHLAND, KS US",GHCND:USC00140365,USC00140365,78.1,37.1942,-99.7633,KS,-99.7633,-99.7633
210,"ASHLAND, KY US",GHCND:USC00150254,USC00150254,63,38.4536,-82.6131,KY,-82.6131,-82.6131
211,"ASHLAND, OR US",GHCND:USC00350304,USC00350304,46,42.2131,122.7147,OR,-122.7147,-122.7147
212,"ASHLAND, VA US",GHCND:USC00440327,USC00440327,71.1,37.755,-77.4853,VA,-77.4853,-77.4853
213,"ASHLEY, ND US",GHCND:USC00320382,USC00320382,34,46.0406,-99.3742,ND,-99.3742,-99.3742
214,"ASHTABULA CO AIRPORT, OH US",GHCND:USW00004857,USW00004857,57,41.7781,-80.6958,OH,-80.6958,-80.6958
215,"ASHTON 1 N, ID US",GHCND:USC00100470,USC00100470,32,44.0708,111.4564,ID,-111.4564,-111.4564
216,"ASPEN 1 SW, CO US",GHCND:USC00050372,USC00050372,33.1,39.1853,106.8381,CO,-106.8381,-106.8381
217,"ASPEN PITKIN CO AIRPORT SARDY FIELD, CO US",GHCND:USW00093073,USW00093073,37.9,39.2231,106.8683,CO,-106.8683,-106.8683
218,"ASPERMONT, TX US",GHCND:USC00410394,USC00410394,89.1,33.1525,100.2333,TX,-100.2333,-100.2333
219,ASSATEAGUE ISLAND MARYLAND,GHCND:USR0000MASS,USR0000MASS,61,38.0667,-75.2014,MD,-75.2014,-75.2014
220,"ASSAY HATCH 10 SW, UT US",GHCND:USR0000ASSA,USR0000ASSA,33.1,37.5167,112.5556,UT,-112.5556,-112.5556
221,"ASTORIA AIRPORT PORT OF, OR US",GHCND:USW00094224,USW00094224,41,46.1569,123.8825,OR,-123.8825,-123.8825
222,"ATHENS BEN EPPS AIRPORT, GA US",GHCND:USW00013873,USW00013873,70,33.9481,-83.3275,GA,-83.3275,-83.3275
223,"ATHENS, AL US",GHCND:USC00010390,USC00010390,69.1,34.7753,-86.9508,AL,-86.9508,-86.9508
224,"ATHENS, TN US",GHCND:USC00400284,USC00400284,63,35.4322,-84.5833,TN,-84.5833,-84.5833
225,"ATHENS, TX US",GHCND:USC00410404,USC00410404,75.9,32.1633,-95.83,TX,-95.83,-95.83
226,"ATLANTA DEKALB PEACHTREE AIRPORT, GA US",GHCND:USW00053863,USW00053863,70,33.875,-84.3022,GA,-84.3022,-84.3022
227,"ATLANTA FULTON CO AIRPORT, GA US",GHCND:USW00003888,USW00003888,69.1,33.7792,-84.5214,GA,-84.5214,-84.5214
228,"ATLANTA HARTSFIELD JACKSON INTERNATIONAL AIRPORT, GA US",GHCND:USW00013874,USW00013874,69.1,33.63,-84.4417,GA,-84.4417,-84.4417
229,"ATLANTA MISSOURI, MO US",GHCND:USR0000MATL,USR0000MATL,52,39.8697,-92.5206,MO,-92.5206,-92.5206
230,"ATLANTA SUMMIT, ID US",GHCND:USS0015F04S,USS0015F04S,23.2,43.76,115.24,ID,-115.24,-115.24
231,"ATLANTA, MI US",GHCND:USC00200342,USC00200342,39,45.0047,-84.1406,MI,-84.1406,-84.1406
232,"ATLANTA, TX US",GHCND:USC00410408,USC00410408,75.9,33.1244,-94.1661,TX,-94.1661,-94.1661
233,"ATLANTIC 1 NE, IA US",GHCND:USC00130364,USC00130364,52,41.4175,-95.0042,IA,-95.0042,-95.0042
234,"ATLANTIC BEACH WATER PLANT, NC US",GHCND:USC00310356,USC00310356,62.1,34.6997,-76.7381,NC,-76.7381,-76.7381
235,"ATLANTIC CITY INTERNATIONAL AIRPORT, NJ US",GHCND:USW00093730,USW00093730,63,39.4494,-74.5672,NJ,-74.5672,-74.5672
236,"ATLANTIC CITY MARINA, NJ US",GHCND:USW00013724,USW00013724,61,39.3792,-74.4242,NJ,-74.4242,-74.4242
237,"ATMORE, AL US",GHCND:USC00010402,USC00010402,77,31.1819,-87.4389,AL,-87.4389,-87.4389
238,"ATTWATER NWR TEXAS, TX US",GHCND:USR0000TATT,USR0000TATT,81,29.6617,-96.2597,TX,-96.2597,-96.2597
239,"ATWOOD, KS US",GHCND:USC00140439,USC00140439,61,39.7994,101.0422,KS,-101.0422,-101.0422
240,"AUBURN 2 NE, MI US",GHCND:USC00200361,USC00200361,46,43.6253,-84.0189,MI,-84.0189,-84.0189
241,"AUBURN NUMBER 2, AL US",GHCND:USC00010425,USC00010425,70,32.5992,-85.4653,AL,-85.4653,-85.4653
242,"AUBURN, NY US",GHCND:USC00300321,USC00300321,39,42.9328,-76.5447,NY,-76.5447,-76.5447
243,"AUDUBON, IA US",GHCND:USC00130385,USC00130385,51.1,41.7069,-94.9222,IA,-94.9222,-94.9222
244,"AUGUSTA 2, KY US",GHCND:USC00150290,USC00150290,64.9,38.77,-84.0128,KY,-84.0128,-84.0128
245,"AUGUSTA BUSH FIELD AIRPORT, GA US",GHCND:USW00003820,USW00003820,75,33.3644,-81.9633,GA,-81.9633,-81.9633
246,"AUGUSTA DANIEL FIELD AIRPORT, GA US",GHCND:USW00013837,USW00013837,73,33.4669,-82.0386,GA,-82.0386,-82.0386
247,"AUGUSTA RANGER STATION, WI US",GHCND:USC00470382,USC00470382,44.1,44.6825,-91.1358,WI,-91.1358,-91.1358
248,"AUGUSTA STATE AIRPORT, ME US",GHCND:USW00014605,USW00014605,27.1,44.3206,-69.7972,ME,-69.7972,-69.7972
249,"AUGUSTA WISCONSIN, WI US",GHCND:USR0000WAUG,USR0000WAUG,32,44.6981,-91.1342,WI,-91.1342,-91.1342
250,"AUGUSTINE 2 E, NM US",GHCND:USC00290640,USC00290640,52,34.075,107.6211,NM,-107.6211,-107.6211
251,"AURORA RESEARCH FARM, NY US",GHCND:USC00300331,USC00300331,41,42.7339,-76.6592,NY,-76.6592,-76.6592
252,"AURORA STATE AIRPORT, OR US",GHCND:USW00094281,USW00094281,39.9,45.2486,122.7686,OR,-122.7686,-122.7686
253,"AURORA, IL US",GHCND:USC00110338,USC00110338,54,41.7803,-88.3092,IL,-88.3092,-88.3092
254,"AUSTIN 33 NW, TX US",GHCND:USW00023907,USW00023907,79.7,30.6222,-98.0847,TX,-98.0847,-98.0847
255,"AUSTIN BERGSTROM INTERNATIONAL AIRPORT, TX US",GHCND:USW00013904,USW00013904,78.1,30.1831,-97.68,TX,-97.68,-97.68
256,"AUSTIN CAMP MABRY, TX US",GHCND:USW00013958,USW00013958,79,30.3208,-97.7603,TX,-97.7603,-97.7603
257,"AUSTIN GREAT HILLS, TX US",GHCND:USC00410433,USC00410433,73,30.4144,-97.7664,TX,-97.7664,-97.7664
258,"AUSTIN NUMBER 2, NV US",GHCND:USC00260507,USC00260507,34,39.4931,117.0675,NV,-117.0675,-117.0675
259,"AUSTIN WASTE WATER TREATMENT FACILITY, MN US",GHCND:USC00210355,USC00210355,44.1,43.6542,-92.9739,MN,-92.9739,-92.9739
260,"AUSTWELL, TX US",GHCND:USC00410436,USC00410436,78.1,28.3889,-96.8389,TX,-96.8389,-96.8389
261,"AVA MISSOURI, MO US",GHCND:USR0000MAVA,USR0000MAVA,72,36.9431,-92.65,MO,-92.65,-92.65
262,"AVALON CATALINA AIRPORT, CA US",GHCND:USW00023191,USW00023191,51.1,33.405,118.4158,CA,-118.4158,-118.4158
263,"AVERILL, VT US",GHCND:USC00430193,USC00430193,26.1,45.0058,-71.6903,VT,-71.6903,-71.6903
264,"AVON PARK 2 W, FL US",GHCND:USC00080369,USC00080369,78.1,27.5947,-81.5267,FL,-81.5267,-81.5267
265,"AVON, IL US",GHCND:USC00110356,USC00110356,63,40.6633,-90.4447,IL,-90.4447,-90.4447
266,"AVON, NY US",GHCND:USC00300343,USC00300343,45,42.9203,-77.7558,NY,-77.7558,-77.7558
267,"AZTEC RUINS NATIONAL MONUMENT, NM US",GHCND:USC00290692,USC00290692,46,36.835,108.0006,NM,-108.0006,-108.0006
268,"BABBITT, MN US",GHCND:USC00210387,USC00210387,33.1,47.7122,-91.9533,MN,-91.9533,-91.9533
269,"BACK ISLAND NORTH CAROLINA, NC US",GHCND:USR0000NBAC,USR0000NBAC,75.9,34.5328,-77.7219,NC,-77.7219,-77.7219
270,"BACKBONE CALIFORNIA, CA US",GHCND:USR0000CBAC,USR0000CBAC,35.1,40.8892,123.1422,CA,-123.1422,-123.1422
271,"BAD AXE, MI US",GHCND:USC00200417,USC00200417,46,43.8081,-82.9939,MI,-82.9939,-82.9939
272,"BADGER CREEK OREGON, OR US",GHCND:USR0000OBAD,USR0000OBAD,27,44.03,120.4,OR,-120.4,-120.4
273,"BADGER PASS, MT US",GHCND:USS0013A15S,USS0013A15S,19.2,48.13,113.02,MT,-113.02,-113.02
274,"BADGER PEAK MONTANA, MT US",GHCND:USR0000MBAP,USR0000MBAP,19.9,45.6481,106.5008,MT,-106.5008,-106.5008
275,"BADGER SPRING IVINS 14 W UTAH, UT US",GHCND:USR0000BADG,USR0000BADG,48.9,37.1697,113.9497,UT,-113.9497,-113.9497
276,"BADOURA MINNESOTA, MN US",GHCND:USR0000MBDA,USR0000MBDA,8.1,46.8608,-94.7258,MN,-94.7258,-94.7258
277,"BAGDAD, AZ US",GHCND:USC00020586,USC00020586,52,34.5975,113.1744,AZ,-113.1744,-113.1744
278,"BAGGS, WY US",GHCND:USC00480484,USC00480484,35.1,41.0383,107.6578,WY,-107.6578,-107.6578
279,"BAILEY COLORADO, CO US",GHCND:USR0000CBAI,USR0000CBAI,43,39.3794,105.3394,CO,-105.3394,-105.3394
280,"BAILEY, CO US",GHCND:USC00050454,USC00050454,43,39.4053,105.4764,CO,-105.4764,-105.4764
281,"BAILLY INDIANA, IN US",GHCND:USR0000IBAI,USR0000IBAI,57,41.6317,-87.0878,IN,-87.0878,-87.0878
282,"BAITING HOLLOW, NY US",GHCND:USC00300364,USC00300364,37,40.9342,-72.7397,NY,-72.7397,-72.7397
283,"BAKER 5 W, NV US",GHCND:USW00053138,USW00053138,39.2,39.0117,114.2089,NV,-114.2089,-114.2089
284,"BAKER BUTTE, AZ US",GHCND:USS0011R06S,USS0011R06S,39.4,34.46,111.41,AZ,-111.41,-111.41
285,"BAKER CITY AIRPORT, OR US",GHCND:USW00024130,USW00024130,33.1,44.8428,117.8086,OR,-117.8086,-117.8086
286,"BAKER MUNICIPAL AIRPORT, MT US",GHCND:USW00094055,USW00094055,18.1,46.3583,104.25,MT,-104.25,-104.25
287,"BAKER PARK SOUTH DAKOTA, SD US",GHCND:USR0000SBAK,USR0000SBAK,43,43.9792,103.425,SD,-103.425,-103.425
288,"BAKERSFIELD 5 NW, CA US",GHCND:USC00040444,USC00040444,63,35.4186,119.0508,CA,-119.0508,-119.0508
289,"BAKERSFIELD AIRPORT, CA US",GHCND:USW00023155,USW00023155,57,35.4344,119.0542,CA,-119.0542,-119.0542
290,"BAKERSVILLE, CT US",GHCND:USC00060227,USC00060227,28.9,41.8417,-73.0086,CT,-73.0086,-73.0086
291,"BALCH POWER HOUSE, CA US",GHCND:USC00040449,USC00040449,51.1,36.9092,119.0883,CA,-119.0883,-119.0883
292,"BALCONES TEXAS, TX US",GHCND:USR0000TBEL,USR0000TBEL,81,30.5661,-98.0389,TX,-98.0389,-98.0389
293,"BALD KNOB LOOKOUT OREGON, OR US",GHCND:USR0000OBKL,USR0000OBKL,30.9,42.7,124.0333,OR,-124.0333,-124.0333
294,"BALD MOUNTAIN LOC CALIFORNIA, CA US",GHCND:USR0000CBAL,USR0000CBAL,32,38.9056,120.6972,CA,-120.6972,-120.6972
295,"BALD MOUNTAIN OREGON, OR US",GHCND:USR0000OBAL,USR0000OBAL,27,43.5556,118.4042,OR,-118.4042,-118.4042
296,"BALD MOUNTAIN, WY US",GHCND:USS0007E21S,USS0007E21S,17.4,44.8,107.84,WY,-107.84,-107.84
297,"BALDWIN MICHIGAN, MI US",GHCND:USR0000MBAL,USR0000MBAL,43,43.8933,-85.8506,MI,-85.8506,-85.8506
298,"BALDWIN, WI US",GHCND:USC00470486,USC00470486,39.9,44.9633,-92.3906,WI,-92.3906,-92.3906
299,"BALDY, AZ US",GHCND:USS0009S01S,USS0009S01S,41.5,33.98,109.5,AZ,-109.5,-109.5
300,"BALLINGER 2 NW, TX US",GHCND:USC00410493,USC00410493,84.9,31.7414,-99.9764,TX,-99.9764,-99.9764
301,"BALTIMORE WASHINGTON INTERNATIONAL AIRPORT, MD US",GHCND:USW00093721,USW00093721,68,39.1667,-76.6833,MD,-76.6833,-76.6833
302,"BAMBERG, SC US",GHCND:USC00380448,USC00380448,55.9,33.2911,-81.0328,SC,-81.0328,-81.0328
303,"BANFIELD MOUNTAIN, MT US",GHCND:USS0015A08S,USS0015A08S,23.5,48.57,115.45,MT,-115.45,-115.45
304,"BANGOR CALIFORNIA, CA US",GHCND:USR0000CBGR,USR0000CBGR,48,39.3975,121.3861,CA,-121.3861,-121.3861
305,"BANGOR INTERNATIONAL AIRPORT, ME US",GHCND:USW00014606,USW00014606,27.1,44.7978,-68.8186,ME,-68.8186,-68.8186
306,"BANKHEAD ALABAMA, AL US",GHCND:USR0000ABAN,USR0000ABAN,68,34.14,-87.3622,AL,-87.3622,-87.3622
307,"BANKHEAD LOCK AND DAM, AL US",GHCND:USC00010505,USC00010505,71.1,33.4528,-87.3572,AL,-87.3572,-87.3572
308,"BANNER ELK, NC US",GHCND:USC00310506,USC00310506,53.1,36.1617,-81.8742,NC,-81.8742,-81.8742
309,"BANNER SUMMIT, ID US",GHCND:USS0015E11S,USS0015E11S,24.1,44.3,115.23,ID,-115.23,-115.23
310,"BAR M, AZ US",GHCND:USS0011R13S,USS0011R13S,43.2,34.86,111.61,AZ,-111.61,-111.61
311,"BARAGA 7 NW, MI US",GHCND:USC00200497,USC00200497,37.9,46.8208,-88.6064,MI,-88.6064,-88.6064
312,"BARBOURVILLE, KY US",GHCND:USC00150381,USC00150381,59,36.8825,-83.8819,KY,-83.8819,-83.8819
313,"BARDSTOWN 5 E, KY US",GHCND:USC00150397,USC00150397,69.1,37.8194,-85.3847,KY,-85.3847,-85.3847
314,"BARING, WA US",GHCND:USC00450456,USC00450456,35.1,47.7722,121.4819,WA,-121.4819,-121.4819
315,"BARKER LAKES, MT US",GHCND:USS0013C44S,USS0013C44S,18.7,46.1,113.13,MT,-113.13,-113.13
316,"BARKHAMSTED, CT US",GHCND:USC00060299,USC00060299,30,41.9211,-72.9636,CT,-72.9636,-72.9636
317,"BARNABY CALIFORNIA, CA US",GHCND:USR0000CBAR,USR0000CBAR,50,38.0281,122.7022,CA,-122.7022,-122.7022
318,"BARNES STATION, OR US",GHCND:USC00350501,USC00350501,34,43.9456,120.2169,OR,-120.2169,-120.2169
319,"BARNES WISCONSIN, WI US",GHCND:USR0000WBAR,USR0000WBAR,21.9,46.4,-91.5,WI,-91.5,-91.5
320,"BARNHART TEXAS, TX US",GHCND:USR0000TBAR,USR0000TBAR,84.9,30.9856,101.1578,TX,-101.1578,-101.1578
321,"BARNWELL 5 ENE, SC US",GHCND:USC00380490,USC00380490,69.1,33.2547,-81.2361,SC,-81.2361,-81.2361
322,"BARRE FALLS DAM, MA US",GHCND:USC00190408,USC00190408,27,42.4281,-72.0275,MA,-72.0275,-72.0275
323,"BARREL SPRINGS NEVADA, NV US",GHCND:USR0000NBAR,USR0000NBAR,28.9,41.9111,119.9389,NV,-119.9389,-119.9389
324,"BARREN RIVER LAKE, KY US",GHCND:USC00150422,USC00150422,64.9,36.8978,-86.1247,KY,-86.1247,-86.1247
325,"BARRINGTON 3 SW, IL US",GHCND:USC00110442,USC00110442,53.1,42.1153,-88.1639,IL,-88.1639,-88.1639
326,"BARSTOW DAGGETT AIRPORT, CA US",GHCND:USW00023161,USW00023161,59,34.8536,116.7858,CA,-116.7858,-116.7858
327,"BARSTOW, CA US",GHCND:USC00040521,USC00040521,57.9,34.8928,117.0219,CA,-117.0219,-117.0219
328,"BARTLESVILLE 3, OK US",GHCND:USC00340546,USC00340546,82,36.7619,-96.0117,OK,-96.0117,-96.0117
329,"BARTLESVILLE MUNICIPAL AIRPORT, OK US",GHCND:USW00003959,USW00003959,73,36.7683,-96.0261,OK,-96.0261,-96.0261
330,"BARTOW 1 S, WV US",GHCND:USC00460509,USC00460509,55,38.5311,-79.7714,WV,-79.7714,-79.7714
331,"BARTOW 1 SE, FL US",GHCND:USC00080478,USC00080478,77,27.8861,-81.8325,FL,-81.8325,-81.8325
332,"BASE CAMP, WY US",GHCND:USS0010F02S,USS0010F02S,25,43.95,110.45,WY,-110.45,-110.45
333,"BASIN CREEK, MT US",GHCND:USS0012D09S,USS0012D09S,25.5,45.8,112.52,MT,-112.52,-112.52
334,"BASIN, WY US",GHCND:USC00480540,USC00480540,42.1,44.3797,108.035,WY,-108.035,-108.035
335,"BASQUE HILLS OREGON, OR US",GHCND:USR0000OBAS,USR0000OBAS,32,42.2547,118.9792,OR,-118.9792,-118.9792
336,"BASTROP TEXAS, TX US",GHCND:USR0000TBAS,USR0000TBAS,75.9,30.1742,-97.2564,TX,-97.2564,-97.2564
337,"BATAVIA, NY US",GHCND:USC00300443,USC00300443,50,43.0297,-78.1683,NY,-78.1683,-78.1683
338,"BATEMAN, NM US",GHCND:USS0006N04S,USS0006N04S,33.8,36.51,106.32,NM,-106.32,-106.32
339,"BATES CREEK NUMBER 2, WY US",GHCND:USC00480552,USC00480552,41,42.6233,106.3567,WY,-106.3567,-106.3567
340,"BATESBURG, SC US",GHCND:USC00380506,USC00380506,73.9,33.9,-81.5389,SC,-81.5389,-81.5389
341,"BATESVILLE 8 WNW, AR US",GHCND:USW00023904,USW00023904,76.3,35.82,-91.7811,AR,-91.7811,-91.7811
342,"BATESVILLE LOCK AND DAM 1, AR US",GHCND:USC00030460,USC00030460,69.1,35.7594,-91.6383,AR,-91.6383,-91.6383
343,"BATESVILLE LVSTK, AR US",GHCND:USC00030458,USC00030458,69.1,35.8306,-91.7944,AR,-91.7944,-91.7944
344,"BATH, ME US",GHCND:USC00170409,USC00170409,27,43.9317,-69.8564,ME,-69.8564,-69.8564
345,"BATON ROUGE METRO AIRPORT, LA US",GHCND:USW00013970,USW00013970,79,30.5372,-91.1469,LA,-91.1469,-91.1469
346,"BATTERSON CALIFORNIA, CA US",GHCND:USR0000CBAT,USR0000CBAT,42.1,37.2319,119.5083,CA,-119.5083,-119.5083
347,"BATTIEST, OK US",GHCND:USC00340567,USC00340567,75.9,34.385,-94.8981,OK,-94.8981,-94.8981
348,"BATTLE CREEK 3 NE, IA US",GHCND:USC00130512,USC00130512,52,42.37,-95.575,IA,-95.575,-95.575
349,"BATTLE CREEK 5 NW, MI US",GHCND:USC00200552,USC00200552,52,42.3678,-85.2633,MI,-85.2633,-85.2633
350,"BATTLE CREEK KELLOGG AIRPORT, MI US",GHCND:USW00014815,USW00014815,54,42.3075,-85.2511,MI,-85.2511,-85.2511
351,"BATTLE GROUND, WA US",GHCND:USC00450482,USC00450482,39,45.7717,122.5286,WA,-122.5286,-122.5286
352,"BATTLE MOUNTAIN 4 SE, NV US",GHCND:USW00024119,USW00024119,48.9,40.6117,116.8917,NV,-116.8917,-116.8917
353,"BATTLE MOUNTAIN, WY US",GHCND:USS0007H04S,USS0007H04S,34.7,41.05,107.27,WY,-107.27,-107.27
354,"BAUDETTE INTERNATIONAL AIRPORT, MN US",GHCND:USW00094961,USW00094961,5.2,48.7167,-94.6,MN,-94.6,-94.6
355,"BAUDETTE MINNESOTA, MN US",GHCND:USR0000MBAU,USR0000MBAU,5,48.6703,-94.6172,MN,-94.6172,-94.6172
356,"BAXLEY GEORGIA, GA US",GHCND:USR0000GBAX,USR0000GBAX,72,31.7136,-82.3878,GA,-82.3878,-82.3878
357,"BAY CITY WATERWORKS, TX US",GHCND:USC00410569,USC00410569,77,28.9797,-95.975,TX,-95.975,-95.975
358,"BAY MINETTE, AL US",GHCND:USC00010583,USC00010583,73,30.8839,-87.7853,AL,-87.7853,-87.7853
359,"BAYARD, WV US",GHCND:USC00460527,USC00460527,55.9,39.2728,-79.3683,WV,-79.3683,-79.3683
360,"BAYBORO 3 SW, NC US",GHCND:USC00310576,USC00310576,64.9,35.1311,-76.8161,NC,-76.8161,-76.8161
361,"BAYFIELD FISH HATCHERY, WI US",GHCND:USC00470604,USC00470604,45,46.7872,-90.8642,WI,-90.8642,-90.8642
362,"BAYTOWN, TX US",GHCND:USC00410586,USC00410586,78.1,29.9142,-94.9908,TX,-94.9908,-94.9908
363,"BC BALDY MONTANA, MT US",GHCND:USR0000MBCB,USR0000MBCB,26.1,48.6333,115.5833,MT,-115.5833,-115.5833
364,"BEACON LIGHT NEVADA, NV US",GHCND:USR0000NBEA,USR0000NBEA,45,40.5583,116.7583,NV,-116.7583,-116.7583
365,"BEACONSFIELD, IA US",GHCND:USC00130536,USC00130536,55.9,40.8069,-94.0475,IA,-94.0475,-94.0475
366,"BEAGLE SPRINGS, MT US",GHCND:USS0012E08S,USS0012E08S,19.9,44.47,112.98,MT,-112.98,-112.98
367,"BEAN RIDGE ILLINOIS, IL US",GHCND:USR0000IBNR,USR0000IBNR,75,37.2486,-89.3783,IL,-89.3783,-89.3783
368,"BEAR BASIN, ID US",GHCND:USS0016E11S,USS0016E11S,27.9,44.95,116.14,ID,-116.14,-116.14
369,"BEAR CANYON, ID US",GHCND:USS0013F03S,USS0013F03S,21.2,43.74,113.94,ID,-113.94,-113.94
370,"BEAR CREEK, NV US",GHCND:USS0015H01S,USS0015H01S,24.8,41.83,115.45,NV,-115.45,-115.45
371,"BEAR FLAT CALIFORNIA, CA US",GHCND:USR0000CBRF,USR0000CBRF,30,41.295,120.3133,CA,-120.3133,-120.3133
372,"BEAR GAP, PA US",GHCND:USC00360457,USC00360457,53.1,40.8208,-76.4983,PA,-76.4983,-76.4983
373,"BEAR GRASS, OR US",GHCND:USS0022E10S,USS0022E10S,26.6,44.33,122.09,OR,-122.09,-122.09
374,"BEAR LAKE, CO US",GHCND:USS0005J39S,USS0005J39S,26.4,40.31,105.64,CO,-105.64,-105.64
375,"BEAR LODGE WYOMING, WY US",GHCND:USR0000WBEA,USR0000WBEA,36,44.5972,104.4275,WY,-104.4275,-104.4275
376,"BEAR MICHIGAN, MI US",GHCND:USR0000MBRR,USR0000MBRR,42.1,44.8019,-86.0508,MI,-86.0508,-86.0508
377,"BEAR MOUNTAIN, ID US",GHCND:USS0016A08S,USS0016A08S,22.1,48.31,116.07,ID,-116.07,-116.07
378,"BEAR PEAK CALIFORNIA, CA US",GHCND:USR0000CBEA,USR0000CBEA,28.9,35.8842,118.0517,CA,-118.0517,-118.0517
379,"BEAR RIDGE, SD US",GHCND:USC00390554,USC00390554,32,44.4989,104.035,SD,-104.035,-104.035
380,"BEAR RIVER RANGER STATION, UT US",GHCND:USS0010J17S,USS0010J17S,30.7,40.89,110.83,UT,-110.83,-110.83
381,"BEAR RIVER UTAH, UT US",GHCND:USR0000BEAR,USR0000BEAR,28.9,40.8844,110.8292,UT,-110.8292,-110.8292
382,"BEAR RIVER, CO US",GHCND:USS0007J03S,USS0007J03S,30.7,40.06,107.01,CO,-107.01,-107.01
383,"BEAR SADDLE, ID US",GHCND:USS0016E10S,USS0016E10S,23.4,44.61,116.98,ID,-116.98,-116.98
384,"BEAR TRAP MEADOW, WY US",GHCND:USS0007F01S,USS0007F01S,27.1,43.89,107.06,WY,-107.06,-107.06
385,"BEARSKIN CREEK IDAHO, ID US",GHCND:USR0000IBEA,USR0000IBEA,19.9,44.385,115.55,ID,-115.55,-115.55
386,"BEARTOOTH LAKE, WY US",GHCND:USS0009E10S,USS0009E10S,16,44.94,109.57,WY,-109.57,-109.57
387,"BEARTOWN, CO US",GHCND:USS0007M32S,USS0007M32S,29.1,37.71,107.51,CO,-107.51,-107.51
388,"BEATTYVILLE 4 N, KY US",GHCND:USC00150483,USC00150483,60.1,37.6336,-83.7161,KY,-83.7161,-83.7161
389,"BEAUFORT ASOS, NC US",GHCND:USW00093765,USW00093765,66,34.7336,-76.6606,NC,-76.6606,-76.6606
390,"BEAUFORT MCAS, SC US",GHCND:USW00093831,USW00093831,73.9,32.4833,-80.7167,SC,-80.7167,-80.7167
391,"BEAUFORT NORTH CAROLINA, NC US",GHCND:USR0000NBFT,USR0000NBFT,71.1,35.5206,-76.9314,NC,-76.9314,-76.9314
392,"BEAUMONT CALIFORNIA, CA US",GHCND:USR0000CBEU,USR0000CBEU,51.1,33.9306,116.95,CA,-116.95,-116.95
393,"BEAUMONT CITY, TX US",GHCND:USC00410611,USC00410611,78.1,30.0969,-94.0997,TX,-94.0997,-94.0997
394,"BEAUMONT EXP.STATION, MS US",GHCND:USC00220585,USC00220585,75,31.2353,-88.9186,MS,-88.9186,-88.9186
395,"BEAUMONT RESRCH CTR, TX US",GHCND:USC00410613,USC00410613,75.9,30.0689,-94.2928,TX,-94.2928,-94.2928
396,"BEAUMONT, KS US",GHCND:USC00140637,USC00140637,75.9,37.6558,-96.5353,KS,-96.5353,-96.5353
397,"BEAVER CK VILLAGE, CO US",GHCND:USS0006K45S,USS0006K45S,35.1,39.6,106.51,CO,-106.51,-106.51
398,"BEAVER CREEK, MT US",GHCND:USS0011E38S,USS0011E38S,21.7,44.95,111.36,MT,-111.36,-111.36
399,"BEAVER DAMS, UT US",GHCND:USS0011K13S,USS0011K13S,42.4,39.14,111.56,UT,-111.56,-111.56
400,"BEAVER DIVIDE, UT US",GHCND:USS0011J46S,USS0011J46S,33.6,40.61,111.1,UT,-111.1,-111.1
401,"BEAVER FALLS 1 NE, PA US",GHCND:USC00360475,USC00360475,55.9,40.7628,-80.3133,PA,-80.3133,-80.3133
402,"BEAVER HEAD, AZ US",GHCND:USS0009S06S,USS0009S06S,47.1,33.69,109.22,AZ,-109.22,-109.22
403,"BEAVER PASS, WA US",GHCND:USS0021A01S,USS0021A01S,19.2,48.88,121.26,WA,-121.26,-121.26
404,"BEAVER RESERVOIR, OR US",GHCND:USS0018D09S,USS0018D09S,28.9,45.15,118.22,OR,-118.22,-118.22
405,"BEAVER SPRING, AZ US",GHCND:USS0009N05S,USS0009N05S,32,36.33,109.06,AZ,-109.06,-109.06
406,"BECHLER WYOMING, WY US",GHCND:USR0000WBEC,USR0000WBEC,23,44.15,111.0467,WY,-111.0467,-111.0467
407,"BECKLEY RALEIGH CO AIRPORT, WV US",GHCND:USW00003872,USW00003872,61,37.7836,-81.1231,WV,-81.1231,-81.1231
408,"BECKLEY VA HOSPITAL, WV US",GHCND:USC00460580,USC00460580,57,37.7647,-81.1942,WV,-81.1942,-81.1942
409,"BEDFORD 3 SE, WY US",GHCND:USC00480603,USC00480603,33.1,42.8731,110.9069,WY,-110.9069,-110.9069
410,"BEDFORD 5 WNW, IN US",GHCND:USW00063898,USW00063898,68.4,38.8883,-86.5708,IN,-86.5708,-86.5708
411,"BEDFORD HANSCOM FIELD, MA US",GHCND:USW00014702,USW00014702,34,42.47,-71.2894,MA,-71.2894,-71.2894
412,"BEECH MOUNTAIN, NC US",GHCND:USC00310645,USC00310645,51.1,36.1875,-81.8742,NC,-81.8742,-81.8742
413,"BEEDEVILLE 4 NE, AR US",GHCND:USC00030536,USC00030536,68,35.4586,-91.0567,AR,-91.0567,-91.0567
414,"BEEVILLE 5 NE, TX US",GHCND:USC00410639,USC00410639,82,28.4575,-97.7061,TX,-97.7061,-97.7061
415,"BELCHERTOWN, MA US",GHCND:USC00190562,USC00190562,26.1,42.2797,-72.3483,MA,-72.3483,-72.3483
416,"BELCOURT KEYA RADIO, ND US",GHCND:USC00320626,USC00320626,27,48.8411,-99.7514,ND,-99.7514,-99.7514
417,"BELFAST, ME US",GHCND:USC00170480,USC00170480,28.9,44.395,-68.9892,ME,-68.9892,-68.9892
418,"BELHAVEN 1 SE, NC US",GHCND:USC00310674,USC00310674,73,35.5731,-76.5847,NC,-76.5847,-76.5847
419,"BELKNAP SPRINGS 8 N, OR US",GHCND:USC00350652,USC00350652,30.9,44.2867,122.0389,OR,-122.0389,-122.0389
420,"BELL CANYON CALIFORNIA, CA US",GHCND:USR0000CBCN,USR0000CBCN,55,33.5417,117.5917,CA,-117.5917,-117.5917
421,"BELLE FOURCHE 22 NNW, SD US",GHCND:USC00390565,USC00390565,24.1,44.9906,103.9339,SD,-103.9339,-103.9339
422,"BELLE FOURCHE, SD US",GHCND:USC00390559,USC00390559,35.1,44.6714,103.8511,SD,-103.8511,-103.8511
423,"BELLE MINA 2 N, AL US",GHCND:USC00010655,USC00010655,66,34.6892,-86.8819,AL,-86.8819,-86.8819
424,"BELLE PLAINE, IA US",GHCND:USC00130600,USC00130600,46,41.8814,-92.2764,IA,-92.2764,-92.2764
425,"BELLEFONTAINE, OH US",GHCND:USC00330563,USC00330563,57,40.3536,-83.7753,OH,-83.7753,-83.7753
426,"BELLEMONT WEATHER FORECAST OFFICE, AZ US",GHCND:USC00020678,USC00020678,36,35.2303,111.8222,AZ,-111.8222,-111.8222
427,"BELLEVILLE SIU RESEARCH, IL US",GHCND:USW00013802,USW00013802,66.9,38.52,-89.8467,IL,-89.8467,-89.8467
428,"BELLEVILLE, KS US",GHCND:USC00140682,USC00140682,66,39.8186,-97.6378,KS,-97.6378,-97.6378
429,"BELLEVUE L AND D 12, IA US",GHCND:USC00130608,USC00130608,50,42.2611,-90.423,IA,-90.423,-90.423
430,"BELLEVUE, ID US",GHCND:USC00100774,USC00100774,30,43.4669,114.2578,ID,-114.2578,-114.2578
431,"BELLINGHAM 3 SSW, WA US",GHCND:USC00450587,USC00450587,37,48.7178,122.5114,WA,-122.5114,-122.5114
432,"BELLINGHAM INTERNATIONAL AIRPORT, WA US",GHCND:USW00024217,USW00024217,32,48.7939,122.5372,WA,-122.5372,-122.5372
433,"BELLVILLE 6 NNE, TX US",GHCND:USC00410655,USC00410655,77,30.0317,-96.2167,TX,-96.2167,-96.2167
434,"BELOIT, KS US",GHCND:USC00140693,USC00140693,64,39.4575,-98.1125,KS,-98.1125,-98.1125
435,"BELOIT, WI US",GHCND:USC00470696,USC00470696,51.1,42.5039,-89.0311,WI,-89.0311,-89.0311
436,"BELTSVILLE, MD US",GHCND:USC00180700,USC00180700,55,39.0303,-76.9314,MD,-76.9314,-76.9314
437,"BELTZVILLE DAM, PA US",GHCND:USC00360560,USC00360560,37.9,40.8619,-75.6428,PA,-75.6428,-75.6428
438,"BELVIDERE BRIDGE, NJ US",GHCND:USC00280734,USC00280734,37.9,40.8292,-75.0833,NJ,-75.0833,-75.0833
439,"BEMIDJI MINNESOTA, MN US",GHCND:USR0000MBEM,USR0000MBEM,8.1,47.5033,-94.9281,MN,-94.9281,-94.9281
440,"BEN BOLT CALIFORNIA, CA US",GHCND:USR0000CBLT,USR0000CBLT,48.9,38.5908,120.9336,CA,-120.9336,-120.9336
441,"BEN LOMOND CALIFORNIA, CA US",GHCND:USR0000CBNL,USR0000CBNL,42.1,37.1317,122.17,CA,-122.17,-122.17
442,"BEN LOMOND NUMBER 4, CA US",GHCND:USC00040673,USC00040673,50,37.0856,122.0797,CA,-122.0797,-122.0797
443,"BEN LOMOND PEAK, UT US",GHCND:USS0011H08S,USS0011H08S,31.8,41.38,111.94,UT,-111.94,-111.94
444,"BEN LOMOND TRAIL, UT US",GHCND:USS0011H30S,USS0011H30S,39.4,41.38,111.92,UT,-111.92,-111.92
445,"BENAVIDES NUMBER 2, TX US",GHCND:USC00410690,USC00410690,79,27.5969,-98.4161,TX,-98.4161,-98.4161
446,"BENCHMARK MONTANA, MT US",GHCND:USR0000MBEN,USR0000MBEN,3.9,47.5,112.9,MT,-112.9,-112.9
447,"BEND 7 NE, OR US",GHCND:USC00350699,USC00350699,36,44.1183,121.2103,OR,-121.2103,-121.2103
448,"BEND, OR US",GHCND:USC00350694,USC00350694,44.1,44.0569,121.285,OR,-121.285,-121.285
449,"BENNINGTON MORSE STATE AIRPORT, VT US",GHCND:USW00054781,USW00054781,39,42.8914,-73.2469,VT,-73.2469,-73.2469
450,"BENSON 6 SE, AZ US",GHCND:USC00020683,USC00020683,77,31.8806,110.2403,AZ,-110.2403,-110.2403
451,"BENSON, MN US",GHCND:USC00210667,USC00210667,43,45.3167,-95.6167,MN,-95.6167,-95.6167
452,"BENT CREEK, NC US",GHCND:USC00310724,USC00310724,57.9,35.5044,-82.5967,NC,-82.5967,-82.5967
453,"BENTLEY, IL US",GHCND:USC00110598,USC00110598,69.1,40.3444,-91.1125,IL,-91.1125,-91.1125
454,"BENTON CALIFORNIA, CA US",GHCND:USR0000CBEN,USR0000CBEN,44.1,37.8431,118.4778,CA,-118.4778,-118.4778
455,"BENTON HARBOR AIRPORT, MI US",GHCND:USC00200710,USC00200710,57,42.1244,-86.4267,MI,-86.4267,-86.4267
456,"BENTON HARBOR, MI US",GHCND:USW00094871,USW00094871,57,42.1244,-86.4267,MI,-86.4267,-86.4267
457,"BENTON, AR US",GHCND:USC00030582,USC00030582,73,34.5675,-92.6006,AR,-92.6006,-92.6006
458,"BEOWAWE 49 S U OF N RANCH, NV US",GHCND:USC00260800,USC00260800,35.1,39.9003,116.5875,NV,-116.5875,-116.5875
459,"BERGLAND DAM, MI US",GHCND:USC00200718,USC00200718,35.1,46.5869,-89.5475,MI,-89.5475,-89.5475
460,"BERKELEY, CA US",GHCND:USC00040693,USC00040693,51.1,37.8744,122.2606,CA,-122.2606,-122.2606
461,"BERLIN MUNICIPAL AIRPORT, NH US",GHCND:USW00094700,USW00094700,26.2,44.5761,-71.1786,NH,-71.1786,-71.1786
462,"BERLIN, NH US",GHCND:USC00270690,USC00270690,21.9,44.4536,-71.1856,NH,-71.1856,-71.1856
463,"BERN, ID US",GHCND:USC00100803,USC00100803,37.9,42.3353,111.385,ID,-111.385,-111.385
464,"BERNE WWTP, IN US",GHCND:USC00120676,USC00120676,59,40.6683,-84.93,IN,-84.93,-84.93
465,"BERRY CREEK, NV US",GHCND:USS0014K02S,USS0014K02S,27,39.32,114.62,NV,-114.62,-114.62
466,"BESSEMER 3 WSW, AL US",GHCND:USC00010764,USC00010764,69.1,33.3953,-87.0078,AL,-87.0078,-87.0078
467,"BESSIE 4 WNW MESONET, OK US",GHCND:USC00340684,USC00340684,77,35.4017,-99.0583,OK,-99.0583,-99.0583
468,"BETATAKIN, AZ US",GHCND:USC00020750,USC00020750,39.9,36.6778,110.5411,AZ,-110.5411,-110.5411
469,"BETHANY, MO US",GHCND:USC00230608,USC00230608,64.9,40.2575,-94.0269,MO,-94.0269,-94.0269
470,"BETHEL 6 SSE, ME US",GHCND:USC00170583,USC00170583,28.9,44.32,-70.7567,ME,-70.7567,-70.7567
471,"BETHPAGE 1 S, TN US",GHCND:USC00400669,USC00400669,64.9,36.4583,-86.3239,TN,-86.3239,-86.3239
472,"BEULAH 7 SSW, MI US",GHCND:USC00200758,USC00200758,45,44.5317,-86.1311,MI,-86.1311,-86.1311
473,"BEVANS CABIN, UT US",GHCND:USS0012J02S,USS0012J02S,39.6,40.46,112.25,UT,-112.25,-112.25
474,"BEVERLY HILLS CALIFORNIA, CA US",GHCND:USR0000CBEV,USR0000CBEV,54,34.125,118.4122,CA,-118.4122,-118.4122
475,"BEVERLY MUNICIPAL AIRPORT, MA US",GHCND:USW00054733,USW00054733,35.1,42.5842,-70.9175,MA,-70.9175,-70.9175
476,"BEVERLY STP, OH US",GHCND:USC00330676,USC00330676,59,39.5475,-81.6283,OH,-81.6283,-81.6283
477,"BEVERLY, MA US",GHCND:USC00190593,USC00190593,28,42.5881,-70.8372,MA,-70.8372,-70.8372
478,"BIDDLE 8 SW, MT US",GHCND:USC00240743,USC00240743,28.9,45.0428,105.48,MT,-105.48,-105.48
479,"BIENVILLE 3 NE, LA US",GHCND:USC00160800,USC00160800,75,32.3744,-92.9433,LA,-92.9433,-92.9433
480,"BIENVILLE MISSISSIPPI, MS US",GHCND:USR0000MBIE,USR0000MBIE,73,32.355,-89.4692,MS,-89.4692,-89.4692
481,"BIG BAR CALIFORNIA, CA US",GHCND:USR0000CBBR,USR0000CBBR,42.1,40.7333,123.2333,CA,-123.2333,-123.2333
482,"BIG BAY 1 NW, MI US",GHCND:USC00200770,USC00200770,39,46.8325,-87.7503,MI,-87.7503,-87.7503
483,"BIG BEAR LAKE, CA US",GHCND:USC00040741,USC00040741,36,34.2431,116.9169,CA,-116.9169,-116.9169
484,"BIG BEND, NV US",GHCND:USS0015H04S,USS0015H04S,30.4,41.76,115.69,NV,-115.69,-115.69
485,"BIG BRANCH NWR LOUISIANA, LA US",GHCND:USR0000LBBR,USR0000LBBR,78.1,30.3167,-89.9333,LA,-89.9333,-89.9333
486,"BIG CREEK SUM, NV US",GHCND:USS0017K04S,USS0017K04S,28.9,39.29,117.11,NV,-117.11,-117.11
487,"BIG CREEK SUMMIT, ID US",GHCND:USS0015E02S,USS0015E02S,24.4,44.63,115.79,ID,-115.79,-115.79
488,"BIG CYPRESS, FL US",GHCND:USC00080737,USC00080737,82,26.3283,-80.9958,FL,-80.9958,-80.9958
489,"BIG FALLS HYDRO, WI US",GHCND:USC00470773,USC00470773,37.9,45.5556,-90.9592,WI,-90.9592,-90.9592
490,"BIG FALLS, MN US",GHCND:USC00210746,USC00210746,36,48.1969,-93.7994,MN,-93.7994,-93.7994
491,"BIG FLAT, UT US",GHCND:USS0012L07S,USS0012L07S,28,38.3,112.36,UT,-112.36,-112.36
492,"BIG FORK 1 SSE, AR US",GHCND:USC00030664,USC00030664,66.9,34.4619,-93.9983,AR,-93.9983,-93.9983
493,"BIG GOOSE, WY US",GHCND:USS0007E32S,USS0007E32S,26.1,44.58,107.2,WY,-107.2,-107.2
494,"BIG HILL CALIFORNIA, CA US",GHCND:USR0000CBIH,USR0000CBIH,37,41.0975,123.6358,CA,-123.6358,-123.6358
495,"BIG HORN COLORADO, CO US",GHCND:USR0000CBIG,USR0000CBIG,35.1,37.0203,106.2006,CO,-106.2006,-106.2006
496,"BIG HORN, WY US",GHCND:USC00480680,USC00480680,48,44.6828,107.0089,WY,-107.0089,-107.0089
497,"BIG INDIAN VALLEY LASAL 6 S U, UT US",GHCND:USR0000BIGI,USR0000BIGI,39,38.2244,109.2783,UT,-109.2783,-109.2783
498,"BIG MEADOW, NV US",GHCND:USS0019K08S,USS0019K08S,24.1,39.46,119.94,NV,-119.94,-119.94
499,"BIG OAKS INDIANA, IN US",GHCND:USR0000IBIO,USR0000IBIO,69.1,38.9253,-85.3625,IN,-85.3625,-85.3625
500,"BIG PINE FLAT CALIFORNIA, CA US",GHCND:USR0000CBPI,USR0000CBPI,37.9,34.3194,117.0131,CA,-117.0131,-117.0131
501,"BIG PINES CALIFORNIA, CA US",GHCND:USR0000CBIP,USR0000CBIP,32,34.3789,117.6919,CA,-117.6919,-117.6919
502,"BIG PINEY MARBLETON AIRPORT, WY US",GHCND:USW00024164,USW00024164,29.1,42.5844,110.1075,WY,-110.1075,-110.1075
503,"BIG RAPIDS WATER TREATMENT PLANT, MI US",GHCND:USC00200779,USC00200779,45,43.7072,-85.4819,MI,-85.4819,-85.4819
504,"BIG RED MOUNTAIN, OR US",GHCND:USS0022G21S,USS0022G21S,24.4,42.05,122.85,OR,-122.85,-122.85
505,"BIG ROCK CALIFORNIA, CA US",GHCND:USR0000CBIR,USR0000CBIR,48.9,38.0394,122.57,CA,-122.57,-122.57
506,"BIG SANDY KENTUCKY, KY US",GHCND:USR0000KBSN,USR0000KBSN,66.9,37.75,-82.6333,KY,-82.6333,-82.6333
507,"BIG SANDY OPENING, WY US",GHCND:USS0009G09S,USS0009G09S,22.3,42.65,109.26,WY,-109.26,-109.26
508,"BIG SHEEP MOUNTAIN MONTANA, MT US",GHCND:USR0000MBSM,USR0000MBSM,10,47.0167,105.8167,MT,-105.8167,-105.8167
509,"BIG SOUTH TENNESSEE, TN US",GHCND:USR0000TBIG,USR0000TBIG,68,36.475,-84.6542,TN,-84.6542,-84.6542
510,"BIG SPRING MISSOURI, MO US",GHCND:USR0000MBSP,USR0000MBSP,73.9,36.975,-91.0181,MO,-91.0181,-91.0181
511,"BIG STONE GAP, VA US",GHCND:USC00440735,USC00440735,59,36.8567,-82.7997,VA,-82.7997,-82.7997
512,"BIG SUR CALIFORNIA, CA US",GHCND:USR0000CBSR,USR0000CBSR,51.1,36.2356,121.785,CA,-121.785,-121.785
513,"BIG TIMBER, MT US",GHCND:USC00240780,USC00240780,25,45.8325,109.9511,MT,-109.9511,-109.9511
514,"BIG WATER, UT US",GHCND:USC00420688,USC00420688,52,37.0769,111.6639,UT,-111.6639,-111.6639
515,"BIGELOW CAMP, OR US",GHCND:USS0023G15S,USS0023G15S,28.6,42.08,123.34,OR,-123.34,-123.34
516,"BIGFORK 13 S, MT US",GHCND:USC00240755,USC00240755,37,47.8769,114.0336,MT,-114.0336,-114.0336
517,"BIGHORN MOUNTAIN MONTANA, MT US",GHCND:USR0000MBIG,USR0000MBIG,21.9,45.0733,107.8886,MT,-107.8886,-107.8886
518,"BIGLERVILLE, PA US",GHCND:USC00360656,USC00360656,39.9,39.9347,-77.2547,PA,-77.2547,-77.2547
519,"BILLIE CREEK DIVIDE, OR US",GHCND:USS0022G13S,USS0022G13S,28.6,42.41,122.27,OR,-122.27,-122.27
520,"BILLINGS 1 SW, MO US",GHCND:USC00230657,USC00230657,72,37.0539,-93.5756,MO,-93.5756,-93.5756
521,"BILLINGS INTERNATIONAL AIRPORT, MT US",GHCND:USW00024033,USW00024033,17.2,45.8069,108.5422,MT,-108.5422,-108.5422
522,"BILLINGS WATER TREATMENT PLANT, MT US",GHCND:USC00240802,USC00240802,33.1,45.7717,108.4811,MT,-108.4811,-108.4811
523,"BILLINGS WEATHER FORECAST OFFICE, MT US",GHCND:USC00240801,USC00240801,19,45.7503,108.5697,MT,-108.5697,-108.5697
524,"BILLINGS, OK US",GHCND:USC00340755,USC00340755,82,36.5297,-97.4472,OK,-97.4472,-97.4472
525,"BILOXI, MS US",GHCND:USC00220792,USC00220792,70,30.3931,-89.0008,MS,-89.0008,-89.0008
526,"BINGHAM 2 NE, NM US",GHCND:USC00290983,USC00290983,61,33.9114,106.3494,NM,-106.3494,-106.3494
527,"BINGHAMTON GREATER AP, NY US",GHCND:USW00004725,USW00004725,42.1,42.1997,-75.985,NY,-75.985,-75.985
528,"BIRCH HILL DAM, MA US",GHCND:USC00190666,USC00190666,28.9,42.6325,-72.1228,MA,-72.1228,-72.1228
529,"BIRD CREEK, NV US",GHCND:USS0014K01S,USS0014K01S,36.9,39.46,114.65,NV,-114.65,-114.65
530,"BIRD TEXAS, TX US",GHCND:USR0000TBIR,USR0000TBIR,84.9,30.2625,-98.6289,TX,-98.6289,-98.6289
531,"BIRMINGHAM AIRPORT, AL US",GHCND:USW00013876,USW00013876,69.1,33.5656,-86.745,AL,-86.745,-86.745
532,"BISHOP AIRPORT, CA US",GHCND:USW00023157,USW00023157,53.1,37.3711,118.3581,CA,-118.3581,-118.3581
533,"BISMARCK MUNICIPAL AIRPORT, ND US",GHCND:USW00024011,USW00024011,11.1,46.7708,100.7603,ND,-100.7603,-100.7603
534,"BISMARCK WEATHER FORECAST OFFICE, ND US",GHCND:USC00320818,USC00320818,37.9,46.7717,100.7592,ND,-100.7592,-100.7592
535,"BISON LAKE, CO US",GHCND:USS0007K12S,USS0007K12S,21,39.76,107.36,CO,-107.36,-107.36
536,"BISON, SD US",GHCND:USC00390701,USC00390701,21.9,45.5286,102.465,SD,-102.465,-102.465
537,"BISSON CREEK, MT US",GHCND:USS0013B25S,USS0013B25S,30.2,47.68,114,MT,-114,-114
538,"BITTER CREEK 4 NE, WY US",GHCND:USC00480761,USC00480761,36,41.5897,108.5094,WY,-108.5094,-108.5094
539,"BITTER LAKES WL REFUGE, NM US",GHCND:USC00290992,USC00290992,80.1,33.4594,104.4042,NM,-104.4042,-104.4042
540,"BLACK BEAR, MT US",GHCND:USS0011E35S,USS0011E35S,22.6,44.51,111.13,MT,-111.13,-111.13
541,"BLACK CANYON COLORADO, CO US",GHCND:USR0000CBLA,USR0000CBLA,39.9,38.5428,107.6869,CO,-107.6869,-107.6869
542,"BLACK CANYON OF THE GUNNISON, CO US",GHCND:USC00050754,USC00050754,35.1,38.5547,107.6872,CO,-107.6872,-107.6872
543,"BLACK CEDAR FILMORE 5 E UTAH, UT US",GHCND:USR0000BLAC,USR0000BLAC,50,38.9792,112.2394,UT,-112.2394,-112.2394
544,"BLACK CREEK MISSISSIPPI, MS US",GHCND:USR0000MBLC,USR0000MBLC,78.1,30.8489,-89.0342,MS,-89.0342,-89.0342
545,"BLACK DIAMOND CALIFORNIA, CA US",GHCND:USR0000CBKD,USR0000CBKD,46,37.95,121.8844,CA,-121.8844,-121.8844
546,"BLACK FLAT U.M. CK, UT US",GHCND:USS0011L04S,USS0011L04S,32.7,38.68,111.6,UT,-111.6,-111.6
547,"BLACK FOREST 6 WNW, CO US",GHCND:USC00050756,USC00050756,62.1,39.0294,104.8017,CO,-104.8017,-104.8017
548,"BLACK HILLS ARIZONA, AZ US",GHCND:USR0000ABLA,USR0000ABLA,64,33.0867,109.9506,AZ,-109.9506,-109.9506
549,"BLACK KNOB WASHINGTON, WA US",GHCND:USR0000WBLA,USR0000WBLA,19,47.4136,124.1031,WA,-124.1031,-124.1031
550,"BLACK MESA, CO US",GHCND:USS0008M12S,USS0008M12S,25.9,37.79,108.18,CO,-108.18,-108.18
551,"BLACK MOUNTAIN COLORADO, CO US",GHCND:USR0000CBLK,USR0000CBLK,39.9,37.8617,105.2842,CO,-105.2842,-105.2842
552,"BLACK MOUNTAIN, CO US",GHCND:USS0005J28S,USS0005J28S,29.5,40.89,105.66,CO,-105.66,-105.66
553,"BLACK MOUNTAIN, WY US",GHCND:USC00480778,USC00480778,46,43.6561,107.7375,WY,-107.7375,-107.7375
554,"BLACK PINE, MT US",GHCND:USS0013C13S,USS0013C13S,22.5,46.41,113.43,MT,-113.43,-113.43
555,"BLACK RIVER FALLS WISCONSIN, WI US",GHCND:USR0000WBRF,USR0000WBRF,35.1,44.3003,-90.835,WI,-90.835,-90.835
556,"BLACK RIVER PUMPS, AZ US",GHCND:USC00020808,USC00020808,44.1,33.4783,109.7517,AZ,-109.7517,-109.7517
557,"BLACK ROCK ARIZONA, AZ US",GHCND:USR0000ABRK,USR0000ABRK,32,36.7944,113.7567,AZ,-113.7567,-113.7567
558,"BLACK ROCK OREGON, OR US",GHCND:USR0000OBLA,USR0000OBLA,33.1,43.5233,121.8133,OR,-121.8133,-121.8133
559,"BLACK ROCK, UT US",GHCND:USC00420730,USC00420730,55,38.7075,112.9539,UT,-112.9539,-112.9539
560,"BLACKFOOT FIRE DEPARTMENT, ID US",GHCND:USC00100915,USC00100915,39,43.1917,112.3453,ID,-112.3453,-112.3453
561,"BLACKHALL MOUNTAIN, WY US",GHCND:USS0006H26S,USS0006H26S,24.8,41.06,106.71,WY,-106.71,-106.71
562,"BLACKROCK CALIFORNIA, CA US",GHCND:USR0000CBRK,USR0000CBRK,39.9,36.0931,118.2603,CA,-118.2603,-118.2603
563,"BLACKS FORK JCT, UT US",GHCND:USS0010J22S,USS0010J22S,30.7,40.96,110.58,UT,-110.58,-110.58
564,"BLACKSBURG NATIONAL WEATHER SERVICE OFFICE, VA US",GHCND:USC00440766,USC00440766,57.9,37.2039,-80.4144,VA,-80.4144,-80.4144
565,"BLACKTAIL MOUNTAIN, MT US",GHCND:USS0014B04S,USS0014B04S,25.3,47.98,114.35,MT,-114.35,-114.35
566,"BLACKVILLE 3 W, SC US",GHCND:USW00063826,USW00063826,70.9,33.355,-81.3278,SC,-81.3278,-81.3278
567,"BLACKWATER MARYLAND, MD US",GHCND:USR0000MBLA,USR0000MBLA,64,38.4167,-76,MD,-76,-76
568,"BLACKWATER, WY US",GHCND:USS0009E13S,USS0009E13S,18.1,44.38,109.79,WY,-109.79,-109.79
569,"BLACKWELL 4 SSE MESONET, OK US",GHCND:USC00340810,USC00340810,68,36.7542,-97.2544,OK,-97.2544,-97.2544
570,"BLAINE, WA US",GHCND:USC00450729,USC00450729,37.9,48.9775,122.7928,WA,-122.7928,-122.7928
571,"BLAIRSVILLE EXPERIMENTAL STATION, GA US",GHCND:USC00090969,USC00090969,62.1,34.8544,-83.9444,GA,-83.9444,-83.9444
572,"BLAKELY MOUNTAIN DAM, AR US",GHCND:USC00030764,USC00030764,70,34.5697,-93.1947,AR,-93.1947,-93.1947
573,"BLANDING, UT US",GHCND:USC00420738,USC00420738,42.1,37.6131,109.4847,UT,-109.4847,-109.4847
574,"BLAZED ALDER, OR US",GHCND:USS0021D33S,USS0021D33S,29.7,45.43,121.86,OR,-121.86,-121.86
575,"BLEDSOE SF TENNESSEE, TN US",GHCND:USR0000TBLE,USR0000TBLE,66.9,35.6819,-85.2733,TN,-85.2733,-85.2733
576,"BLEWETT PASS, WA US",GHCND:USS0020B02S,USS0020B02S,26.2,47.35,120.68,WA,-120.68,-120.68
577,"BLIND BULL SUM, WY US",GHCND:USS0010G02S,USS0010G02S,21,42.96,110.61,WY,-110.61,-110.61
578,"BLIND PARK, SD US",GHCND:USS0003E03S,USS0003E03S,33.8,44.11,103.98,SD,-103.98,-103.98
579,"BLOODY DICK, MT US",GHCND:USS0013D10S,USS0013D10S,22.1,45.17,113.5,MT,-113.5,-113.5
580,"BLOOMER, WI US",GHCND:USC00470904,USC00470904,37,45.0908,-91.4864,WI,-91.4864,-91.4864
581,"BLOOMINGTON INDIANA UNIVERSITY, IN US",GHCND:USC00120784,USC00120784,63,39.1742,-86.5214,IN,-86.5214,-86.5214
582,"BLOOMINGTON MONROE CO AIRPORT, IN US",GHCND:USW00003893,USW00003893,66.9,39.1333,-86.6167,IN,-86.6167,-86.6167
583,"BLOXHAM FLORIDA, FL US",GHCND:USR0000FBLO,USR0000FBLO,75.9,30.5872,-84.9886,FL,-84.9886,-84.9886
584,"BLUE CANYON NYACK AIRPORT, CA US",GHCND:USW00023225,USW00023225,30.2,39.2775,120.7103,CA,-120.7103,-120.7103
585,"BLUE CANYON OREGON, OR US",GHCND:USR0000OBLU,USR0000OBLU,32,44.67,117.9336,OR,-117.9336,-117.9336
586,"BLUE DOOR CALIFORNIA, CA US",GHCND:USR0000CBLD,USR0000CBLD,30,41.0547,120.3375,CA,-120.3375,-120.3375
587,"BLUE HILL COOP, MA US",GHCND:USC00190736,USC00190736,28.9,42.2122,-71.1136,MA,-71.1136,-71.1136
588,"BLUE HILL LCD, MA US",GHCND:USW00014753,USW00014753,34,42.2122,-71.1136,MA,-71.1136,-71.1136
589,"BLUE LAKES, CA US",GHCND:USS0019L05S,USS0019L05S,24.3,38.61,119.92,CA,-119.92,-119.92
590,"BLUE MARSH LAKE, PA US",GHCND:USC00360785,USC00360785,48,40.3803,-76.0275,PA,-76.0275,-76.0275
591,"BLUE MESA LAKE, CO US",GHCND:USC00050797,USC00050797,39.9,38.4667,107.1678,CO,-107.1678,-107.1678
592,"BLUE MOUNTAIN DAM, AR US",GHCND:USC00030798,USC00030798,71.1,35.1161,-93.6506,AR,-93.6506,-93.6506
593,"BLUE MOUNTAIN SPRING, OR US",GHCND:USS0018E16S,USS0018E16S,28.8,44.25,118.52,OR,-118.52,-118.52
594,"BLUE PARK COLORADO, CO US",GHCND:USR0000CBLU,USR0000CBLU,33.1,37.7978,106.7792,CO,-106.7792,-106.7792
595,"BLUE RIDGE KNF CALIFORNIA, CA US",GHCND:USR0000CBLQ,USR0000CBLQ,27,41.2694,123.1875,CA,-123.1875,-123.1875
596,"BLUE RIDGE RANGER STATION, AZ US",GHCND:USC00020871,USC00020871,37.9,34.6108,111.1922,AZ,-111.1922,-111.1922
597,"BLUE SPRINGS 2 SSE, MO US",GHCND:USC00230748,USC00230748,72,38.9903,-94.2686,MO,-94.2686,-94.2686
598,"BLUEFIELD MERCER CO AIRPORT, WV US",GHCND:USW00003859,USW00003859,59,37.2958,-81.2078,WV,-81.2078,-81.2078
599,"BLUEFIELD, WV US",GHCND:USC00460925,USC00460925,54,37.2556,-81.2264,WV,-81.2264,-81.2264
600,"BLUEWING MOUNTAIN NEVADA, NV US",GHCND:USR0000NBLU,USR0000NBLU,39.9,40.5017,119.1217,NV,-119.1217,-119.1217
601,"BLUFF CREEK MONTANA, MT US",GHCND:USR0000MBLU,USR0000MBLU,-2,48.8719,106.9456,MT,-106.9456,-106.9456
602,"BLUFF, UT US",GHCND:USC00420788,USC00420788,52,37.2825,109.5575,UT,-109.5575,-109.5575
603,"BLYTHE ASOS, CA US",GHCND:USW00023158,USW00023158,64,33.6186,114.7142,CA,-114.7142,-114.7142
604,"BLYTHEVILLE MUNICIPAL AIRPORT, AR US",GHCND:USW00053869,USW00053869,75.9,35.9403,-89.8308,AR,-89.8308,-89.8308
605,"BOARD CREEK OREGON, OR US",GHCND:USR0000OBOC,USR0000OBOC,28.9,44.5933,119.2778,OR,-119.2778,-119.2778
606,"BOARD HOLLOW OREGON, OR US",GHCND:USR0000OBOH,USR0000OBOH,32,44.6056,120.6833,OR,-120.6833,-120.6833
607,"BOARDMAN, OR US",GHCND:USC00350858,USC00350858,45,45.8472,119.6933,OR,-119.6933,-119.6933
608,"BOCA, CA US",GHCND:USC00040931,USC00040931,37,39.3886,120.0936,CA,-120.0936,-120.0936
609,"BODEGA 6 WSW, CA US",GHCND:USW00093245,USW00093245,53.4,38.3208,123.0747,CA,-123.0747,-123.0747
610,"BOERNE, TX US",GHCND:USC00410902,USC00410902,70,29.7986,-98.7353,TX,-98.7353,-98.7353
611,"BOGARD RANGER STATION CALIFORNIA, CA US",GHCND:USR0000CBOG,USR0000CBOG,30.9,40.5981,121.0831,CA,-121.0831,-121.0831
612,"BOGUS BASIN, ID US",GHCND:USS0016F02S,USS0016F02S,27.1,43.76,116.1,ID,-116.1,-116.1
613,"BOISE AIR TERMINAL, ID US",GHCND:USW00024131,USW00024131,37,43.5667,116.2406,ID,-116.2406,-116.2406
614,"BOISE LUCKY PEAK DAM, ID US",GHCND:USC00101018,USC00101018,39,43.5253,116.0542,ID,-116.0542,-116.0542
615,"BOLIVAR 1 NE, MO US",GHCND:USC00230789,USC00230789,73,37.6164,-93.3914,MO,-93.3914,-93.3914
616,"BON SECOUR ALABAMA, AL US",GHCND:USR0000ABNS,USR0000ABNS,78.1,30.2528,-87.8125,AL,-87.8125,-87.8125
617,"BONANZA IDAHO, ID US",GHCND:USR0000IBON,USR0000IBON,24.1,44.375,114.5667,ID,-114.5667,-114.5667
618,"BONDURANT, WY US",GHCND:USC00480865,USC00480865,28,43.2094,110.4033,WY,-110.4033,-110.4033
619,"BONE SPRINGS DIV, WY US",GHCND:USS0007E18S,USS0007E18S,18.7,44.68,107.58,WY,-107.58,-107.58
620,"BONHAM 3 NNE, TX US",GHCND:USC00410923,USC00410923,75.9,33.6403,-96.1661,TX,-96.1661,-96.1661
621,"BONHAM RESERVOIR, CO US",GHCND:USC00050825,USC00050825,34,39.1025,107.8989,CO,-107.8989,-107.8989
622,"BONIFAY TRI CO AIRPORT, FL US",GHCND:USW00063871,USW00063871,77,30.8458,-85.6014,FL,-85.6014,-85.6014
623,"BONNER SPRINGS, KS US",GHCND:USC00140957,USC00140957,72,39.0636,-94.8961,KS,-94.8961,-94.8961
624,"BONNERS FERRY IDAHO, ID US",GHCND:USR0000IBOF,USR0000IBOF,36,48.6756,116.3361,ID,-116.3361,-116.3361
625,"BONNERS FERRY, ID US",GHCND:USC00101079,USC00101079,34,48.6928,116.3103,ID,-116.3103,-116.3103
626,"BONNEVILLE DAM, OR US",GHCND:USC00350897,USC00350897,41,45.6353,121.9522,OR,-121.9522,-121.9522
627,"BONNY DAM 2 NE, CO US",GHCND:USC00050834,USC00050834,60.1,39.6567,102.1192,CO,-102.1192,-102.1192
628,"BOONE 1 SE, NC US",GHCND:USC00310982,USC00310982,57,36.2139,-81.6456,NC,-81.6456,-81.6456
629,"BOONE, IA US",GHCND:USC00130807,USC00130807,52,42.0417,-93.8908,IA,-93.8908,-93.8908
630,"BOONEVILLE ARKANSAS, AR US",GHCND:USR0000ABNV,USR0000ABNV,78.1,35.1428,-93.895,AR,-93.895,-93.895
631,"BOONTON 1 SE, NJ US",GHCND:USC00280907,USC00280907,37,40.8917,-74.3964,NJ,-74.3964,-74.3964
632,"BOONVILLE 1 S, IN US",GHCND:USC00120852,USC00120852,72,38.0303,-87.2736,IN,-87.2736,-87.2736
633,"BOONVILLE 4 SSW, NY US",GHCND:USC00300785,USC00300785,30,43.4361,-75.3697,NY,-75.3697,-75.3697
634,"BOONVILLE CALIFORNIA, CA US",GHCND:USR0000CBOO,USR0000CBOO,48.9,38.9875,123.3486,CA,-123.3486,-123.3486
635,"BOONVILLE, MO US",GHCND:USC00230824,USC00230824,72,38.9625,-92.7394,MO,-92.7394,-92.7394
636,"BOORMAN MONTANA, MT US",GHCND:USR0000MBOO,USR0000MBOO,30.9,48.1333,114.7167,MT,-114.7167,-114.7167
637,"BORGER HUTCHINSON CO AIRPORT, TX US",GHCND:USW00003024,USW00003024,70,35.695,101.395,TX,-101.395,-101.395
638,"BORREGO DESERT PARK, CA US",GHCND:USC00040983,USC00040983,63,33.2558,116.4036,CA,-116.4036,-116.4036
639,"BOSCOBEL AIRPORT, WI US",GHCND:USW00094994,USW00094994,48,43.1561,-90.6775,WI,-90.6775,-90.6775
640,"BOSQUE DEL APACHE, NM US",GHCND:USC00291138,USC00291138,69.1,33.8044,106.8908,NM,-106.8908,-106.8908
641,"BOSTETTER RANGER STATION, ID US",GHCND:USS0014G01S,USS0014G01S,27.3,42.16,114.19,ID,-114.19,-114.19
642,"BOSTON, MA US",GHCND:USW00014739,USW00014739,36,42.3606,-71.0106,MA,-71.0106,-71.0106
643,"BOTTINEAU, ND US",GHCND:USC00320941,USC00320941,3,48.8217,100.4528,ND,-100.4528,-100.4528
644,"BOULDER 14 W, CO US",GHCND:USW00094075,USW00094075,24.6,40.0353,105.5408,CO,-105.5408,-105.5408
645,"BOULDER CREEK OREGON, OR US",GHCND:USR0000OBOU,USR0000OBOU,30.9,44.7219,122.0031,OR,-122.0031,-122.0031
646,"BOULDER MOUNTAIN, MT US",GHCND:USS0011C01S,USS0011C01S,18.9,46.56,111.29,MT,-111.29,-111.29
647,"BOULDER REARING STATION, WY US",GHCND:USC00480951,USC00480951,35.1,42.7156,109.6894,WY,-109.6894,-109.6894
648,"BOULDER, CO US",GHCND:USC00050848,USC00050848,54,39.9919,105.2667,CO,-105.2667,-105.2667
649,"BOULDER, UT US",GHCND:USC00420849,USC00420849,39.9,37.905,111.42,UT,-111.42,-111.42
650,"BOUNTIFUL BENCH, UT US",GHCND:USC00420819,USC00420819,46,40.8911,111.8503,UT,-111.8503,-111.8503
651,"BOURNE, OR US",GHCND:USS0018E05S,USS0018E05S,27.5,44.83,118.19,OR,-118.19,-118.19
652,"BOWIE, TX US",GHCND:USC00410984,USC00410984,84,33.5511,-97.8472,TX,-97.8472,-97.8472
653,"BOWLING GREEN 1 E, MO US",GHCND:USC00230856,USC00230856,70,39.3444,-91.1711,MO,-91.1711,-91.1711
654,"BOWLING GREEN 21 NNE, KY US",GHCND:USW00063849,USW00063849,74.1,37.2503,-86.2325,KY,-86.2325,-86.2325
655,"BOWLING GREEN WARREN CO AIRPORT, KY US",GHCND:USW00093808,USW00093808,75.9,36.9647,-86.4239,KY,-86.4239,-86.4239
656,"BOWLING GREEN WWTP, OH US",GHCND:USC00330862,USC00330862,57.9,41.3831,-83.6111,OH,-83.6111,-83.6111
657,"BOWMAN SPRINGS, OR US",GHCND:USS0018D20S,USS0018D20S,32.5,45.36,118.47,OR,-118.47,-118.47
658,"BOWMAN, ND US",GHCND:USC00320995,USC00320995,21,46.1936,103.3714,ND,-103.3714,-103.3714
659,"BOX CANYON, MT US",GHCND:USS0010D31S,USS0010D31S,26.2,45.27,110.25,MT,-110.25,-110.25
660,"BOX CREEK, UT US",GHCND:USS0012L04S,USS0012L04S,32,38.51,112.02,UT,-112.02,-112.02
661,"BOYCE 3 WNW, LA US",GHCND:USC00161232,USC00161232,75.9,31.3944,-92.7164,LA,-92.7164,-92.7164
662,"BOYNE FALLS, MI US",GHCND:USC00200925,USC00200925,42.1,45.1672,-84.9139,MI,-84.9139,-84.9139
663,"BOYS RANCH, TX US",GHCND:USC00411000,USC00411000,68,35.5303,102.2564,TX,-102.2564,-102.2564
664,"BOYSEN DAM, WY US",GHCND:USC00481000,USC00481000,50,43.4053,108.1633,WY,-108.1633,-108.1633
665,"BOZEMAN GALLATIN FIELD AIRPORT, MT US",GHCND:USW00024132,USW00024132,35.1,45.7881,111.1608,MT,-111.1608,-111.1608
666,"BOZEMAN MONTANA STATE UNIVERSITY, MT US",GHCND:USC00241044,USC00241044,33.1,45.6622,111.0464,MT,-111.0464,-111.0464
667,"BRACE FLAT IDAHO, ID US",GHCND:USR0000IBRA,USR0000IBRA,32,42.3497,116.69,ID,-116.69,-116.69
668,"BRACKETT CREEK, MT US",GHCND:USS0010D35S,USS0010D35S,22.8,45.89,110.94,MT,-110.94,-110.94
669,"BRADDOCK LOCK 2, PA US",GHCND:USC00360861,USC00360861,57.9,40.3917,-79.8594,PA,-79.8594,-79.8594
670,"BRADENTON, FL US",GHCND:USC00080945,USC00080945,78.1,27.4467,-82.5014,FL,-82.5014,-82.5014
671,"BRADFORD 2, NH US",GHCND:USC00270913,USC00270913,35.1,43.2589,-72.0022,NH,-72.0022,-72.0022
672,"BRADFORD 4 SW RES 5, PA US",GHCND:USC00360868,USC00360868,46.9,41.8981,-78.7144,PA,-78.7144,-78.7144
673,"BRADFORD REGIONAL AIRPORT, PA US",GHCND:USW00004751,USW00004751,54,41.8031,-78.6403,PA,-78.6403,-78.6403
674,"BRADLEY CALIFORNIA, CA US",GHCND:USR0000CBDY,USR0000CBDY,53.1,35.8644,120.8031,CA,-120.8031,-120.8031
675,"BRADSHAW CREEK MONTANA, MT US",GHCND:USR0000MBRA,USR0000MBRA,30.9,45.0553,105.9483,MT,-105.9483,-105.9483
676,"BRADY 27 ENE THE KNEES, MT US",GHCND:USC00241081,USC00241081,12.9,48.075,111.2603,MT,-111.2603,-111.2603
677,"BRADY, TX US",GHCND:USC00411017,USC00411017,84,31.1444,-99.3492,TX,-99.3492,-99.3492
678,"BRAINERD CROW WING CO AIRPORT, MN US",GHCND:USW00094938,USW00094938,14.2,46.4047,-94.1308,MN,-94.1308,-94.1308
679,"BRAINERD MINNESOTA, MN US",GHCND:USR0000MBRN,USR0000MBRN,12,46.4006,-94.1272,MN,-94.1272,-94.1272
680,"BRAINERD, MN US",GHCND:USC00210939,USC00210939,43,46.3433,-94.2086,MN,-94.2086,-94.2086
681,"BRANCH MOUNTAIN CALIFORNIA, CA US",GHCND:USR0000CBRA,USR0000CBRA,37.9,35.1889,120.0833,CA,-120.0833,-120.0833
682,"BRANDENBERG, MT US",GHCND:USC00241084,USC00241084,17.1,45.8161,106.2328,MT,-106.2328,-106.2328
683,"BRANSON AIRPORT, MO US",GHCND:USC00230887,USC00230887,63,36.5394,-93.1997,MO,-93.1997,-93.1997
684,"BRANTLEY DAM, NM US",GHCND:USC00291153,USC00291153,78.1,32.5158,104.3828,NM,-104.3828,-104.3828
685,"BRASSTOWN NUMBER 1 GEORGIA, GA US",GHCND:USR0000GBRA,USR0000GBRA,59,34.8028,-83.71,GA,-83.71,-83.71
686,"BRASSUA DAM, ME US",GHCND:USC00170814,USC00170814,21,45.6603,-69.812,ME,-69.812,-69.812
687,"BRAVO, TX US",GHCND:USC00411033,USC00411033,68,35.62,103.0072,TX,-103.0072,-103.0072
688,"BRAZIE RANCH CALIFORNIA, CA US",GHCND:USR0000CBZE,USR0000CBZE,39,41.6853,122.5942,CA,-122.5942,-122.5942
689,"BRAZORIA NWR TEXAS, TX US",GHCND:USR0000TBRA,USR0000TBRA,80.1,29.1417,-95.2917,TX,-95.2917,-95.2917
690,"BRECKENRIDGE 3 E, MN US",GHCND:USC00210974,USC00210974,37.9,46.3047,-96.5217,MN,-96.5217,-96.5217
691,"BRECKENRIDGE, TX US",GHCND:USC00411042,USC00411042,89.1,32.75,-98.9017,TX,-98.9017,-98.9017
692,"BRECKINRIDGE 3 SE MESONET, OK US",GHCND:USC00341083,USC00341083,68,36.4119,-97.6939,OK,-97.6939,-97.6939
693,"BREDETTE, MT US",GHCND:USC00241088,USC00241088,-0.9,48.5156,105.2992,MT,-105.2992,-105.2992
694,"BREMERTON, WA US",GHCND:USC00450872,USC00450872,44.1,47.5689,122.6828,WA,-122.6828,-122.6828
695,"BRENDER GEORGIA, GA US",GHCND:USR0000GBRE,USR0000GBRE,72,33.0097,-83.7397,GA,-83.7397,-83.7397
696,"BRENHAM, TX US",GHCND:USC00411048,USC00411048,75.9,30.1592,-96.3972,TX,-96.3972,-96.3972
697,"BRENNER MONTANA, MT US",GHCND:USR0000MBRE,USR0000MBRE,26.1,44.9667,113.2167,MT,-113.2167,-113.2167
698,"BRENTWOOD, TN US",GHCND:USC00401039,USC00401039,66,35.9903,-86.7786,TN,-86.7786,-86.7786
699,"BREVARD, NC US",GHCND:USC00311055,USC00311055,55.9,35.2283,-82.7358,NC,-82.7358,-82.7358
700,"BREWSTER 4 W, KS US",GHCND:USC00141029,USC00141029,63,39.3672,101.4461,KS,-101.4461,-101.4461
701,"BREWTON 3 ENE, AL US",GHCND:USC00011080,USC00011080,72,31.1414,-87.0486,AL,-87.0486,-87.0486
702,"BREWTON 3 NNE, AL US",GHCND:USW00063899,USW00063899,75.2,31.145,-87.0517,AL,-87.0517,-87.0517
703,"BRIAN HEAD, UT US",GHCND:USS0012M14S,USS0012M14S,27.9,37.68,112.86,UT,-112.86,-112.86
704,"BRIDGEHAMPTON, NY US",GHCND:USC00300889,USC00300889,39,40.9519,-72.2978,NY,-72.2978,-72.2978
705,"BRIDGEPORT 4 NW CALIFORNIA, CA US",GHCND:USR0000CBR4,USR0000CBR4,37,38.2719,119.2892,CA,-119.2892,-119.2892
706,"BRIDGER 2 N, MT US",GHCND:USC00241102,USC00241102,30.9,45.3261,108.9092,MT,-108.9092,-108.9092
707,"BRIDGEWATER, MA US",GHCND:USC00190840,USC00190840,28.9,41.9539,-70.9572,MA,-70.9572,-70.9572
708,"BRIDGEWATER, SD US",GHCND:USC00391032,USC00391032,48,43.5525,-97.5017,SD,-97.5017,-97.5017
709,"BRIGGSDALE, CO US",GHCND:USC00050945,USC00050945,48,40.6344,104.3286,CO,-104.3286,-104.3286
710,"BRIGHAM CITY 28 WNW, UT US",GHCND:USW00004138,USW00004138,41,41.6164,112.5436,UT,-112.5436,-112.5436
711,"BRIGHAM CITY WASTE PLANT, UT US",GHCND:USC00420928,USC00420928,45,41.5242,112.0436,UT,-112.0436,-112.0436
712,"BRIGHT ANGEL ARIZONA, AZ US",GHCND:USR0000ACAN,USR0000ACAN,32,36.2047,112.0622,AZ,-112.0622,-112.0622
713,"BRIGHT ANGEL RANGER STATION, AZ US",GHCND:USC00021001,USC00021001,28.9,36.2147,112.062,AZ,-112.062,-112.062
714,"BRIGHTON 3 SE, CO US",GHCND:USC00050950,USC00050950,48,39.9436,104.8361,CO,-104.8361,-104.8361
715,"BRIGHTON, UT US",GHCND:USS0011J57S,USS0011J57S,28.4,40.6,111.58,UT,-111.58,-111.58
716,"BRILLION, WI US",GHCND:USC00471064,USC00471064,43,44.1614,-88.0803,WI,-88.0803,-88.0803
717,"BRIMSON 2 S, MN US",GHCND:USC00210989,USC00210989,39.9,47.2472,-91.8625,MN,-91.8625,-91.8625
718,"BRIMSTONE RES. MILFORD 20 WSW, UT US",GHCND:USR0000BRIM,USR0000BRIM,42.1,38.3083,113.3847,UT,-113.3847,-113.3847
719,"BRIONES CALIFORNIA, CA US",GHCND:USR0000CBRI,USR0000CBRI,45,37.9442,122.1178,CA,-122.1178,-122.1178
720,"BRISTOL AIRPORT, TN US",GHCND:USW00013877,USW00013877,66,36.4731,-82.4044,TN,-82.4044,-82.4044
721,"BRITTON, SD US",GHCND:USC00391049,USC00391049,37,45.7886,-97.7489,SD,-97.7489,-97.7489
722,"BROADUS, MT US",GHCND:USC00241127,USC00241127,30,45.4442,105.4072,MT,-105.4072,-105.4072
723,"BROCKPORT, NY US",GHCND:USC00300937,USC00300937,46.9,43.2161,-77.9528,NY,-77.9528,-77.9528
724,"BROCKTON, MA US",GHCND:USC00190860,USC00190860,39,42.0475,-71.0081,MA,-71.0081,-71.0081
725,"BROCKWAY 3 WSW, MT US",GHCND:USC00241169,USC00241169,7,47.2875,105.83,MT,-105.83,-105.83
726,"BROKEN BOW OKLAHOMA, OK US",GHCND:USR0000OBRB,USR0000OBRB,81,34.05,-94.7372,OK,-94.7372,-94.7372
727,"BRONTE 11 NNE, TX US",GHCND:USW00003072,USW00003072,82.9,32.0408,100.2494,TX,-100.2494,-100.2494
728,"BROOKGREEN GARDENS, SC US",GHCND:USC00381093,USC00381093,62.1,33.5214,-79.0975,SC,-79.0975,-79.0975
729,"BROOKINGS 2 NE, SD US",GHCND:USC00391076,USC00391076,48,44.325,-96.7686,SD,-96.7686,-96.7686
730,"BROOKLET 1 W, GA US",GHCND:USC00091266,USC00091266,68,32.3767,-81.6739,GA,-81.6739,-81.6739
731,"BROOKLYN LAKE, WY US",GHCND:USS0006H13S,USS0006H13S,23.9,41.36,106.23,WY,-106.23,-106.23
732,"BROOKNEAL, VA US",GHCND:USC00441082,USC00441082,71.1,37.0678,-78.9517,VA,-78.9517,-78.9517
733,"BROOKS CALIFORNIA, CA US",GHCND:USR0000CBRO,USR0000CBRO,52,38.7383,122.1447,CA,-122.1447,-122.1447
734,"BROOKSVILLE HERNANDO CO AIRPORT, FL US",GHCND:USW00012818,USW00012818,75,28.4736,-82.4544,FL,-82.4544,-82.4544
735,"BROOKVILLE, IN US",GHCND:USC00121030,USC00121030,64,39.4239,-85.0144,IN,-85.0144,-85.0144
736,"BROWN DUCK, UT US",GHCND:USS0010J30S,USS0010J30S,21,40.58,110.59,UT,-110.59,-110.59
737,"BROWN MOUNTAIN ORCHARD WASHINGTON, WA US",GHCND:USR0000WBRO,USR0000WBRO,28,48.5353,118.6889,WA,-118.6889,-118.6889
738,"BROWN TOP, WA US",GHCND:USS0021A28S,USS0021A28S,19.9,48.93,121.2,WA,-121.2,-121.2
739,"BROWNFIELD 2, TX US",GHCND:USC00411128,USC00411128,79,33.1908,102.2681,TX,-102.2681,-102.2681
740,"BROWNS VALLEY, MN US",GHCND:USC00211063,USC00211063,45,45.5958,-96.8283,MN,-96.8283,-96.8283
741,"BROWNS WELL OREGON, OR US",GHCND:USR0000OBRO,USR0000OBRO,32,43.5611,120.2486,OR,-120.2486,-120.2486
742,"BROWNTON WWTP, MN US",GHCND:USC00211065,USC00211065,42.1,44.7336,-94.3417,MN,-94.3417,-94.3417
743,"BROWNWOOD 2 NE, TX US",GHCND:USC00411138,USC00411138,86,31.7383,-98.9456,TX,-98.9456,-98.9456
744,"BRUIN POINT SUNNYSIDE 6 NNE U, UT US",GHCND:USR0000BRUN,USR0000BRUN,25,39.6097,110.2944,UT,-110.2944,-110.2944
745,"BRULE RANGER STATION, WI US",GHCND:USC00471131,USC00471131,43,46.5378,-91.5919,WI,-91.5919,-91.5919
746,"BRUMLEY, CO US",GHCND:USS0006K40S,USS0006K40S,31.1,39.09,106.54,CO,-106.54,-106.54
747,"BRUNDAGE RESERVOIR, ID US",GHCND:USS0016D09S,USS0016D09S,23.2,45.04,116.13,ID,-116.13,-116.13
748,"BRUNO 7 ENE, MN US",GHCND:USC00211074,USC00211074,44.1,46.3003,-92.5336,MN,-92.5336,-92.5336
749,"BRUNSWICK 23 S, GA US",GHCND:USW00063856,USW00063856,74.1,30.8078,-81.4597,GA,-81.4597,-81.4597
750,"BRUNSWICK MCKINNON AIRPORT, GA US",GHCND:USW00013878,USW00013878,73.9,31.1522,-81.3908,GA,-81.3908,-81.3908
751,"BRUSH CREEK OREGON, OR US",GHCND:USR0000OBRU,USR0000OBRU,32,44.2844,122.8494,OR,-122.8494,-122.8494
752,"BRYAN 2 SE, OH US",GHCND:USC00331042,USC00331042,55.9,41.4619,-84.5272,OH,-84.5272,-84.5272
753,"BRYCE CANYON AIRPORT, UT US",GHCND:USW00023159,USW00023159,34,37.7064,112.1456,UT,-112.1456,-112.1456
754,"BRYCE CANYON NATIONAL PARK HQRS, UT US",GHCND:USC00421008,USC00421008,35.1,37.6411,112.1703,UT,-112.1703,-112.1703
755,"BRYCE CANYON UTAH, UT US",GHCND:USR0000BRYC,USR0000BRYC,39,37.6417,112.1722,UT,-112.1722,-112.1722
756,"BRYSON CANYON UTAH, UT US",GHCND:USR0000BRYS,USR0000BRYS,48,39.2933,109.2372,UT,-109.2372,-109.2372
757,"BRYSON CITY 4, NC US",GHCND:USC00311165,USC00311165,57,35.4467,-83.4622,NC,-83.4622,-83.4622
758,"BUCK FLAT ESCALANTE 10 NW UTA, UT US",GHCND:USR0000BUCF,USR0000BUCF,41,37.9033,111.6914,UT,-111.6914,-111.6914
759,"BUCK FLAT, UT US",GHCND:USS0011K31S,USS0011K31S,33.4,39.13,111.44,UT,-111.44,-111.44
760,"BUCK PASTURE, UT US",GHCND:USS0010J23S,USS0010J23S,25.7,40.84,110.66,UT,-110.66,-110.66
761,"BUCKBOARD FLAT, UT US",GHCND:USS0009M01S,USS0009M01S,31.1,37.87,109.45,UT,-109.45,-109.45
762,"BUCKEYE 5 N, AZ US",GHCND:USC00021027,USC00021027,60.1,33.4478,112.5653,AZ,-112.5653,-112.5653
763,"BUCKEYE OREGON, OR US",GHCND:USR0000OBUE,USR0000OBUE,36,43.0361,122.6553,OR,-122.6553,-122.6553
764,"BUCKEYE, WV US",GHCND:USC00461215,USC00461215,55.9,38.1872,-80.1336,WV,-80.1336,-80.1336
765,"BUCKHANNON, WV US",GHCND:USC00461220,USC00461220,60.1,38.9803,-80.22,WV,-80.22,-80.22
766,"BUCKHORN LAKE, KY US",GHCND:USC00151080,USC00151080,64,37.3417,-83.4706,KY,-83.4706,-83.4706
767,"BUCKHORN MOUNTAIN 1 E, CO US",GHCND:USC00051060,USC00051060,39,40.6158,105.2969,CO,-105.2969,-105.2969
768,"BUCKHORN SPRINGS OREGON, OR US",GHCND:USR0000OBUS,USR0000OBUS,39,42.1197,122.5633,OR,-122.5633,-122.5633
769,"BUCKINGHORSE, WA US",GHCND:USS0023B18S,USS0023B18S,23.9,47.71,123.46,WA,-123.46,-123.46
770,"BUCKSKIN LOWER, NV US",GHCND:USS0017H02S,USS0017H02S,28.9,41.75,117.53,NV,-117.53,-117.53
771,"BUCKSKIN MOUNTAIN ARIZONA, AZ US",GHCND:USR0000ABUC,USR0000ABUC,46,36.9306,112.1997,AZ,-112.1997,-112.1997
772,"BUCKSVILLE, PA US",GHCND:USC00361080,USC00361080,54,40.5,-75.2042,PA,-75.2042,-75.2042
773,"BUCYRUS, OH US",GHCND:USC00331072,USC00331072,59,40.8125,-82.9697,OH,-82.9697,-82.9697
774,"BUDE MISSISSIPPI, MS US",GHCND:USR0000MBUD,USR0000MBUD,78.1,31.4106,-90.8467,MS,-90.8467,-90.8467
775,"BUENA VISTA 2 S, CO US",GHCND:USC00051071,USC00051071,39,38.8247,106.1275,CO,-106.1275,-106.1275
776,"BUES CANYON UTAH, UT US",GHCND:USR0000BUES,USR0000BUES,48.9,41.15,111.9167,UT,-111.9167,-111.9167
777,"BUFFALO 1 SW MESONET, OK US",GHCND:USC00341240,USC00341240,72,36.8314,-99.6411,OK,-99.6411,-99.6411
778,"BUFFALO 13 ESE, SD US",GHCND:USW00094081,USW00094081,23.7,45.5161,103.3017,SD,-103.3017,-103.3017
779,"BUFFALO 2 N, MO US",GHCND:USC00231087,USC00231087,73,37.6669,-93.1069,MO,-93.1069,-93.1069
780,"BUFFALO ASOS, SD US",GHCND:USW00094037,USW00094037,23.2,45.6044,103.5464,SD,-103.5464,-103.5464
781,"BUFFALO BILL DAM, WY US",GHCND:USC00481175,USC00481175,33.1,44.5075,109.1675,WY,-109.1675,-109.1675
782,"BUFFALO CREEK NEVADA, NV US",GHCND:USR0000NBUF,USR0000NBUF,42.1,40.5819,119.79,NV,-119.79,-119.79
783,"BUFFALO JOHNSON CO AIRPORT, WY US",GHCND:USW00094054,USW00094054,39,44.3814,106.7211,WY,-106.7211,-106.7211
784,"BUFFALO NIAGARA INTERNATIONAL, NY US",GHCND:USW00014733,USW00014733,50,42.9486,-78.7369,NY,-78.7369,-78.7369
785,"BUFFALO PARK, CO US",GHCND:USS0006J18S,USS0006J18S,32.9,40.23,106.6,CO,-106.6,-106.6
786,"BUFFUMVILLE LAKE, MA US",GHCND:USC00190998,USC00190998,28,42.1164,-71.9075,MA,-71.9075,-71.9075
787,"BUG LAKE, UT US",GHCND:USS0011H37S,USS0011H37S,27,41.68,111.42,UT,-111.42,-111.42
788,"BULL CANYON IDAHO, ID US",GHCND:USR0000IDEP,USR0000IDEP,30,42.3653,112.7056,ID,-112.7056,-112.7056
789,"BULL FLAT CALIFORNIA, CA US",GHCND:USR0000CBUL,USR0000CBUL,35.1,40.4808,120.1139,CA,-120.1139,-120.1139
790,"BULL SPRING IDAHO, ID US",GHCND:USR0000IBUL,USR0000IBUL,37,42.08,114.4847,ID,-114.4847,-114.4847
791,"BULLFROG BASIN, UT US",GHCND:USC00421020,USC00421020,55,37.5269,110.7167,UT,-110.7167,-110.7167
792,"BUMPING RIDGE, WA US",GHCND:USS0021C38S,USS0021C38S,25.9,46.81,121.33,WA,-121.33,-121.33
793,"BUNCHGRASS MDW, WA US",GHCND:USS0017A01S,USS0017A01S,23.9,48.69,117.18,WA,-117.18,-117.18
794,"BUNKIE, LA US",GHCND:USC00161287,USC00161287,64.9,30.9594,-92.1786,LA,-92.1786,-92.1786
795,"BURBANK GLENDALE PASADENA AIRPORT, CA US",GHCND:USW00023152,USW00023152,55,34.2006,118.3575,CA,-118.3575,-118.3575
796,"BURBANK VALLEY PUMP PLANT, CA US",GHCND:USC00041194,USC00041194,53.1,34.1867,118.3481,CA,-118.3481,-118.3481
797,"BURGESS JUNCTION, WY US",GHCND:USS0007E33S,USS0007E33S,24.3,44.79,107.53,WY,-107.53,-107.53
798,"BURGESS JUNCTION, WY US",GHCND:USC00481220,USC00481220,34,44.7742,107.5217,WY,-107.5217,-107.5217
799,"BURGESS WYOMING, WY US",GHCND:USR0000WBUR,USR0000WBUR,21,44.7853,107.5347,WY,-107.5347,-107.5347
800,"BURKES GARDEN, VA US",GHCND:USC00441209,USC00441209,51.1,37.0908,-81.3364,VA,-81.3364,-81.3364
801,"BURLESON, TX US",GHCND:USC00411246,USC00411246,82,32.5067,-97.3444,TX,-97.3444,-97.3444
802,"BURLEY MUNICIPAL AIRPORT, ID US",GHCND:USW00024133,USW00024133,37.9,42.5417,113.7661,ID,-113.7661,-113.7661
803,"BURLINGTON 2 S, IA US",GHCND:USC00131060,USC00131060,66.9,40.7747,-91.1164,IA,-91.1164,-91.1164
804,"BURLINGTON ALAMANCE REGIONAL AIRPORT, NC US",GHCND:USW00093783,USW00093783,70,36.0467,-79.4769,NC,-79.4769,-79.4769
805,"BURLINGTON CARSON AIRPORT, CO US",GHCND:USW00003026,USW00003026,55,39.2447,102.2842,CO,-102.2842,-102.2842
806,"BURLINGTON INTERNATIONAL AIRPORT, VT US",GHCND:USW00014742,USW00014742,33.1,44.4683,-73.15,VT,-73.15,-73.15
807,"BURLINGTON MUNICIPAL AIRPORT, IA US",GHCND:USW00014931,USW00014931,52,40.7833,-91.1253,IA,-91.1253,-91.1253
808,"BURLINGTON, CO US",GHCND:USC00051121,USC00051121,64.9,39.3061,102.2608,CO,-102.2608,-102.2608
809,"BURLINGTON, CT US",GHCND:USC00060973,USC00060973,30,41.7944,-72.9319,CT,-72.9319,-72.9319
810,"BURNET MUNICIPAL AIRPORT, TX US",GHCND:USW00003999,USW00003999,81,30.7406,-98.2353,TX,-98.2353,-98.2353
811,"BURNET, TX US",GHCND:USC00411250,USC00411250,75.9,30.7586,-98.2339,TX,-98.2339,-98.2339
812,"BURNEYVILLE 2 SE MESONET, OK US",GHCND:USC00341266,USC00341266,79,33.8936,-97.2692,OK,-97.2692,-97.2692
813,"BURNS CANYON CALIFORNIA, CA US",GHCND:USR0000CBUR,USR0000CBUR,46.9,34.2103,116.6339,CA,-116.6339,-116.6339
814,"BURNS MUNICIPAL AIRPORT, OR US",GHCND:USW00094185,USW00094185,31.1,43.595,118.9564,OR,-118.9564,-118.9564
815,"BURNS TENNESSEE, TN US",GHCND:USR0000TBUR,USR0000TBUR,73.9,36.065,-87.2831,TN,-87.2831,-87.2831
816,"BURNSIDE LAKE, CA US",GHCND:USS0019L41S,USS0019L41S,26.1,38.72,119.89,CA,-119.89,-119.89
817,"BURNSVILLE AG, NC US",GHCND:USC00311248,USC00311248,68,35.925,-82.2717,NC,-82.2717,-82.2717
818,"BURNT MOUNTAIN, MT US",GHCND:USS0009D21S,USS0009D21S,32.5,45.24,109.46,MT,-109.46,-109.46
819,"BURNT MOUNTAIN, WA US",GHCND:USS0021B63S,USS0021B63S,26.1,47.04,121.94,WA,-121.94,-121.94
820,"BURRO HILL WYOMING, WY US",GHCND:USR0000WBUH,USR0000WBUH,23,43.8397,110.3708,WY,-110.3708,-110.3708
821,"BURRO MOUNTAIN, CO US",GHCND:USS0007K02S,USS0007K02S,33.6,39.88,107.6,CO,-107.6,-107.6
822,"BURROUGHS CREEK, WY US",GHCND:USS0009F04S,USS0009F04S,20.8,43.7,109.67,WY,-109.67,-109.67
823,"BURTON 4 N, MI US",GHCND:USC00201150,USC00201150,48.9,43.0675,-83.5919,MI,-83.5919,-83.5919
824,"BURTS MILLER RANCH, UT US",GHCND:USS0010J06S,USS0010J06S,35.2,40.98,110.85,UT,-110.85,-110.85
825,"BUSBY, MT US",GHCND:USC00241297,USC00241297,23,45.5397,106.9597,MT,-106.9597,-106.9597
826,"BUSHLAND 1 WSW, TX US",GHCND:USC00411267,USC00411267,75,35.1867,102.0797,TX,-102.0797,-102.0797
827,"BUSICK NORTH CAROLINA, NC US",GHCND:USR0000NBUS,USR0000NBUS,72,35.7694,-82.1917,NC,-82.1917,-82.1917
828,"BUSKIRK, NY US",GHCND:USC00301068,USC00301068,33.1,42.9361,-73.4325,NY,-73.4325,-73.4325
829,"BUTLER 4 W, MO US",GHCND:USC00231145,USC00231145,72,38.2611,-94.405,MO,-94.405,-94.405
830,"BUTLER 5 SW MESONET, OK US",GHCND:USC00341270,USC00341270,77,35.5914,-99.2706,OK,-99.2706,-99.2706
831,"BUTTE BERT MOONEY AIRPORT, MT US",GHCND:USW00024135,USW00024135,30.2,45.9647,112.5006,MT,-112.5006,-112.5006
832,"BUTTERCUP CALIFORNIA, CA US",GHCND:USR0000CBUU,USR0000CBUU,66,32.7397,114.8839,CA,-114.8839,-114.8839
833,"BUTTERNUT 3 SW, WI US",GHCND:USC00471249,USC00471249,37.9,45.9808,-90.5417,WI,-90.5417,-90.5417
834,"BYARS 3 ESE MESONET, OK US",GHCND:USC00341283,USC00341283,73,34.8494,-97.0031,OK,-97.0031,-97.0031
835,"BYNUM 4 SSE, MT US",GHCND:USC00241342,USC00241342,6.1,47.9261,112.2919,MT,-112.2919,-112.2919
836,"BYRDSTOWN, TN US",GHCND:USC00401310,USC00401310,63,36.5803,-85.1256,TN,-85.1256,-85.1256
837,"BYROMVILLE GEORGIA, GA US",GHCND:USR0000GBYR,USR0000GBYR,75,32.2033,-83.9319,GA,-83.9319,-83.9319
838,"C C BOTANICAL GARDENS, TX US",GHCND:USC00412013,USC00412013,77,27.6606,-97.3983,TX,-97.3983,-97.3983
839,"CABALLO DAM, NM US",GHCND:USC00291286,USC00291286,69.1,32.8964,107.3078,NM,-107.3078,-107.3078
840,"CABIN CREEK, CO US",GHCND:USC00051186,USC00051186,30.9,39.6553,105.7089,CO,-105.7089,-105.7089
841,"CABIN LAKE OREGON, OR US",GHCND:USR0000OCAB,USR0000OCAB,33.1,43.5,121.05,OR,-121.05,-121.05
842,"CABINET GORGE, ID US",GHCND:USC00101363,USC00101363,30.9,48.0864,116.0572,ID,-116.0572,-116.0572
843,"CABINET TROUT CREEK MONTANA, MT US",GHCND:USR0000MCBT,USR0000MCBT,39,47.8667,115.625,MT,-115.625,-115.625
844,"CABOT, AR US",GHCND:USC00031102,USC00031102,71.1,34.9817,-92.0064,AR,-92.0064,-92.0064
845,"CACAPON ST PARK NUMBER 2, WV US",GHCND:USC00461324,USC00461324,55.9,39.5094,-78.2975,WV,-78.2975,-78.2975
846,"CACHUMA LAKE, CA US",GHCND:USC00041253,USC00041253,60.1,34.5822,119.9817,CA,-119.9817,-119.9817
847,"CADDO LAKE TEXAS, TX US",GHCND:USR0000TCAD,USR0000TCAD,82,32.6583,-94.1164,TX,-94.1164,-94.1164
848,"CADDO TEXAS, TX US",GHCND:USR0000TCDD,USR0000TCDD,80.1,33.7411,-95.9219,TX,-95.9219,-95.9219
849,"CADES 4 W, SC US",GHCND:USC00381241,USC00381241,61,33.8083,-79.8567,SC,-79.8567,-79.8567
850,"CADILLAC 9 AND 10 NEWS, MI US",GHCND:USC00201178,USC00201178,42.1,44.2114,-85.4086,MI,-85.4086,-85.4086
851,"CADILLAC, MI US",GHCND:USW00014817,USW00014817,43,44.2656,-85.3967,MI,-85.3967,-85.3967
852,"CAESARS HEAD, SC US",GHCND:USC00381256,USC00381256,53.1,35.1072,-82.6256,SC,-82.6256,-82.6256
853,"CAHOKIA ST LOUIS DOWNTOWN AIRPORT, IL US",GHCND:USW00003960,USW00003960,66.9,38.5714,-90.1572,IL,-90.1572,-90.1572
854,"CAHUILLA CALIFORNIA, CA US",GHCND:USR0000CCAA,USR0000CCAA,64.9,32.9736,115.1736,CA,-115.1736,-115.1736
855,"CAIRO 3 N, IL US",GHCND:USW00093809,USW00093809,68,37.0422,-89.1856,IL,-89.1856,-89.1856
856,"CALAMITY, WA US",GHCND:USS0022D01S,USS0022D01S,32,45.9,122.22,WA,-122.22,-122.22
857,"CALAVERAS BIG TREES, CA US",GHCND:USC00041277,USC00041277,36,38.2769,120.3114,CA,-120.3114,-120.3114
858,"CALAVERAS ROAD CALIFORNIA, CA US",GHCND:USR0000CCLV,USR0000CCLV,48,37.5531,121.8439,CA,-121.8439,-121.8439
859,"CALDWELL ESSEX CO AIRPORT, NJ US",GHCND:USW00054743,USW00054743,55,40.8764,-74.2831,NJ,-74.2831,-74.2831
860,"CALEDONIA, MN US",GHCND:USC00211198,USC00211198,43,43.6308,-91.5028,MN,-91.5028,-91.5028
861,"CALHOUN 2 N, LA US",GHCND:USC00161411,USC00161411,78.1,32.5133,-92.3486,LA,-92.3486,-92.3486
862,"CALHOUN FALLS, SC US",GHCND:USC00381277,USC00381277,64,34.0906,-82.5883,SC,-82.5883,-82.5883
863,"CALHOUN LOCK 2, KY US",GHCND:USC00151227,USC00151227,64.9,37.5319,-87.2669,KY,-87.2669,-87.2669
864,"CALICO ROCK 2 WSW, AR US",GHCND:USC00031132,USC00031132,73,36.1092,-92.1636,AR,-92.1636,-92.1636
865,"CALIFORNIA, MO US",GHCND:USC00231189,USC00231189,73,38.6278,-92.5567,MO,-92.5567,-92.5567
866,"CALIMUS OREGON, OR US",GHCND:USR0000OCAI,USR0000OCAI,21,42.6314,121.5597,OR,-121.5597,-121.5597
867,"CALION LOCK AND DAM, AR US",GHCND:USC00031140,USC00031140,75.9,33.3064,-92.4833,AR,-92.4833,-92.4833
868,"CALISTOGA, CA US",GHCND:USC00041312,USC00041312,51.1,38.5961,122.6014,CA,-122.6014,-122.6014
869,"CALLAHAN CALIFORNIA, CA US",GHCND:USR0000CCAL,USR0000CCAL,39.9,41.3075,122.7958,CA,-122.7958,-122.7958
870,"CALLAO, UT US",GHCND:USC00421144,USC00421144,50,39.8997,113.7128,UT,-113.7128,-113.7128
871,"CALLICOON CENTER, NY US",GHCND:USC00301102,USC00301102,30.9,41.8275,-74.9506,NY,-74.9506,-74.9506
872,"CALLIHAM, TX US",GHCND:USC00411337,USC00411337,82,28.4658,-98.3539,TX,-98.3539,-98.3539
873,"CALVERT CREEK, MT US",GHCND:USS0013D26S,USS0013D26S,25.7,45.88,113.33,MT,-113.33,-113.33
874,"CALVERT PEAK OREGON, OR US",GHCND:USR0000OCAL,USR0000OCAL,27,42.7778,123.7294,OR,-123.7294,-123.7294
875,"CAMARGO 4 WNW MESONET, OK US",GHCND:USC00341404,USC00341404,75.9,36.0286,-99.3464,OK,-99.3464,-99.3464
876,"CAMARILLO AIRPORT, CA US",GHCND:USW00023136,USW00023136,59,34.2167,119.0833,CA,-119.0833,-119.0833
877,"CAMAS CREEK DIVIDE, ID US",GHCND:USS0015F09S,USS0015F09S,30.4,43.27,115.35,ID,-115.35,-115.35
878,"CAMBRIDGE, ID US",GHCND:USC00101408,USC00101408,37,44.5733,116.6753,ID,-116.6753,-116.6753
879,"CAMBRIDGE, MN US",GHCND:USC00211227,USC00211227,45,45.5564,-93.2347,MN,-93.2347,-93.2347
880,"CAMDEN TOWER TENNESSEE, TN US",GHCND:USR0000TCAM,USR0000TCAM,75,36.0661,-88.1686,TN,-88.1686,-88.1686
881,"CAMDEN, NY US",GHCND:USC00301110,USC00301110,32,43.3306,-75.8417,NY,-75.8417,-75.8417
882,"CAMERON FIRE STATION CALIFORNI, CA US",GHCND:USR0000CCAM,USR0000CCAM,46,32.7214,116.4631,CA,-116.4631,-116.4631
883,"CAMERON, MO US",GHCND:USC00231216,USC00231216,66.9,39.7469,-94.2531,MO,-94.2531,-94.2531
884,"CAMILLA 3 SE, GA US",GHCND:USC00091500,USC00091500,69.1,31.1903,-84.2036,GA,-84.2036,-84.2036
885,"CAMILLA GEORGIA, GA US",GHCND:USR0000GCML,USR0000GCML,75.9,31.2142,-84.2364,GA,-84.2364,-84.2364
886,"CAMP 4 WASHINGTON, WA US",GHCND:USR0000WCA4,USR0000WCA4,24.1,48.0181,120.2342,WA,-120.2342,-120.2342
887,"CAMP 9 CALIFORNIA, CA US",GHCND:USR0000CCP9,USR0000CCP9,39.9,34.3617,118.4217,CA,-118.4217,-118.4217
888,"CAMP CREEK WYOMING, WY US",GHCND:USR0000WCAM,USR0000WCAM,27,42.3458,107.5528,WY,-107.5528,-107.5528
889,"CAMP CROOK, SD US",GHCND:USC00391294,USC00391294,24.1,45.5489,103.9744,SD,-103.9744,-103.9744
890,"CAMP JACKSON, UT US",GHCND:USS0009M02S,USS0009M02S,30.9,37.81,109.49,UT,-109.49,-109.49
891,"CAMP MERRILL GEORGIA, GA US",GHCND:USR0000GCAM,USR0000GCAM,62.1,34.63,-84.0975,GA,-84.0975,-84.0975
892,"CAMP NORRIS DNR, MN US",GHCND:USC00211250,USC00211250,33.1,48.61,-95.1817,MN,-95.1817,-95.1817
893,"CAMPO 7 S, CO US",GHCND:USC00051268,USC00051268,71.1,37.0103,102.5536,CO,-102.5536,-102.5536
894,"CAMPO, CA US",GHCND:USC00041424,USC00041424,51.1,32.6264,116.47,CA,-116.47,-116.47
895,"CANAAN VALLEY NUMBER 2, WV US",GHCND:USC00461397,USC00461397,55,39.0483,-79.4406,WV,-79.4406,-79.4406
896,"CANAL POINT USDA, FL US",GHCND:USC00081276,USC00081276,77,26.8639,-80.6256,FL,-80.6256,-80.6256
897,"CANANDAIGUA 3 S, NY US",GHCND:USC00301152,USC00301152,46,42.845,-77.2808,NY,-77.2808,-77.2808
898,"CANBY, MN US",GHCND:USC00211263,USC00211263,51.1,44.7183,-96.2697,MN,-96.2697,-96.2697
899,"CANDLER 1 W, NC US",GHCND:USC00311420,USC00311420,61,35.5453,-82.6986,NC,-82.6986,-82.6986
900,"CANE CREEK RESERVOIR, NC US",GHCND:USC00311429,USC00311429,61,35.9494,-79.2386,NC,-79.2386,-79.2386
901,"CANEY FTS LOUISIANA, LA US",GHCND:USR0000LCAN,USR0000LCAN,78.1,32.8042,-93.0667,LA,-93.0667,-93.0667
902,"CANNELTON, IN US",GHCND:USC00121256,USC00121256,66,37.8994,-86.7072,IN,-86.7072,-86.7072
903,"CANNIBAL MOUNTAIN OREGON, OR US",GHCND:USR0000OCAN,USR0000OCAN,33.1,44.3489,123.8853,OR,-123.8853,-123.8853
904,"CANOE BROOK, NJ US",GHCND:USC00281335,USC00281335,39,40.7436,-74.3539,NJ,-74.3539,-74.3539
905,"CANON CITY, CO US",GHCND:USC00051294,USC00051294,55,38.46,105.2256,CO,-105.2256,-105.2256
906,"CANTON 4 N, MS US",GHCND:USC00221389,USC00221389,75,32.6714,-90.0361,MS,-90.0361,-90.0361
907,"CANTON L AND D 20, MO US",GHCND:USC00231275,USC00231275,70,40.1439,-91.5158,MO,-91.5158,-91.5158
908,"CANTON, PA US",GHCND:USC00361212,USC00361212,43,41.6517,-76.8464,PA,-76.8464,-76.8464
909,"CANTON, SD US",GHCND:USC00391392,USC00391392,46.9,43.3111,-96.5878,SD,-96.5878,-96.5878
910,"CANYON DAM, TX US",GHCND:USC00411429,USC00411429,73,29.8608,-98.1958,TX,-98.1958,-98.1958
911,"CANYON DE CHELLY, AZ US",GHCND:USC00021248,USC00021248,43,36.1533,109.5394,AZ,-109.5394,-109.5394
912,"CANYON, TX US",GHCND:USC00411430,USC00411430,75.9,34.9806,101.9264,TX,-101.9264,-101.9264
913,"CANYON, WY US",GHCND:USS0010E03S,USS0010E03S,22.5,44.72,110.51,WY,-110.51,-110.51
